side,entry_time,exit_time,entry_price,exit_price,reason,pnl_pct,signal_time,entry_year,entry_regime,entry_adx,adx_band,entry_atr,atr_ratio,atr_band,signal_close,signal_ema200,signal_ema200_lag
SELL,2017-09-02 06:00:00,2017-09-02 06:00:00,4493.0,4625.052720318601,STOP,-2.939076793202785,2017-09-02 05:00:00,2017,NEUTRAL,37.40273059914684,35-40,88.03514687906772,1.6523336829081632,1.20+,4473.35,4498.11673056067,4349.229730417497
BUY,2017-09-23 11:00:00,2017-09-24 04:00:00,3779.0,3697.009811206232,STOP,-2.1696265888798116,2017-09-23 10:00:00,2017,BEAR,25.394133233839717,25-30,54.66012586251214,0.884848171348129,0.80-1.00,3770.01,3796.7475491436353,3887.6441835538053
BUY,2017-09-30 07:00:00,2017-10-02 01:00:00,4280.0,4522.105781314491,TAKE_PROFIT,5.656677133516139,2017-09-30 06:00:00,2017,BULL,25.140540853836676,25-30,80.70192710483026,1.1364276097129509,1.00-1.20,4280.0,3991.4833106052283,3879.078547682387
SELL,2017-10-22 03:00:00,2017-10-23 05:00:00,5912.06,6024.453066262832,STOP,-1.9010812857588009,2017-10-22 02:00:00,2017,BULL,30.90039967079127,30-35,74.92871084188812,1.0820066636871537,1.00-1.20,5912.03,5637.201306800424,5428.315285237269
SELL,2017-11-21 04:00:00,2017-11-21 05:00:00,7894.41,8037.691111697629,STOP,-1.8149692212290605,2017-11-21 03:00:00,2017,BULL,32.536593619315475,30-35,95.52074113175286,1.2419127158580332,1.20+,7894.41,7522.151309400397,7199.72542684754
SELL,2017-11-24 00:00:00,2017-11-24 03:00:00,8019.97,8127.709334912408,STOP,-1.3433882534773531,2017-11-23 23:00:00,2017,BULL,30.136173189819896,30-35,71.82622327493817,0.848840462177254,0.80-1.00,8019.99,7847.694568537798,7634.668155294467
SELL,2017-12-03 22:00:00,2017-12-04 00:00:00,10899.98,11262.332214231534,STOP,-3.324338340359654,2017-12-03 21:00:00,2017,BULL,33.932136149375445,30-35,241.5681428210223,1.1436801888905916,1.00-1.20,10899.98,10065.242632692316,9385.512518180725
SELL,2017-12-08 13:00:00,2017-12-08 23:00:00,14794.48,15972.19194066582,STOP,-7.960482157303401,2017-12-08 12:00:00,2017,BULL,25.291427187774584,25-30,785.1412937772135,1.685477171598624,1.20+,14785.6,12321.639076815103,10807.070285988677
SELL,2017-12-18 01:00:00,2017-12-18 02:00:00,17810.0,18486.749964710507,STOP,-3.7998313571617452,2017-12-18 00:00:00,2017,BULL,26.34191288761226,25-30,451.16664314033744,1.3988501083895446,1.20+,17849.98,16804.191886293138,15565.44929341803
SELL,2018-01-11 04:00:00,2018-01-11 04:00:00,12911.92,11438.77212902357,TAKE_PROFIT,11.409208475396614,2018-01-11 03:00:00,2018,BEAR,27.94131856284998,25-30,491.049290325477,1.0848540108435276,1.00-1.20,12920.0,14932.226624910536,15294.640779912266
SELL,2018-01-29 07:00:00,2018-01-30 13:00:00,11427.0,10847.437736016354,TAKE_PROFIT,5.071867191595744,2018-01-29 06:00:00,2018,NEUTRAL,26.534767899910513,25-30,193.18742132788208,0.9311429587275333,0.80-1.00,11429.95,11474.324805649676,11365.048554796058
BUY,2018-02-23 15:00:00,2018-02-23 16:00:00,10329.87,10029.488856148826,STOP,-2.9078889071321785,2018-02-23 14:00:00,2018,NEUTRAL,25.426495865692633,25-30,200.25409590078362,0.8806420592851302,0.80-1.00,10330.0,10292.092044761068,10374.606486991332
BUY,2018-03-18 22:00:00,2018-03-20 17:00:00,8225.01,8836.153467522516,TAKE_PROFIT,7.4303066807519444,2018-03-18 21:00:00,2018,BEAR,32.65118818998514,30-35,203.71448917417212,1.3865085116271536,1.20+,8225.01,8537.658387384146,8975.111226807936
BUY,2018-03-24 00:00:00,2018-03-24 10:00:00,8898.04,8693.042624062251,STOP,-2.3038486670969096,2018-03-23 23:00:00,2018,BULL,26.926110572759125,25-30,136.66491729183306,1.0712100578046357,1.00-1.20,8898.03,8625.997635373946,8610.48875319988
SELL,2018-03-25 00:00:00,2018-03-26 11:00:00,8531.25,8130.087369601536,TAKE_PROFIT,4.702272590751226,2018-03-24 23:00:00,2018,NEUTRAL,27.13116595871493,25-30,133.7208767994879,1.0650581042462095,1.00-1.20,8546.86,8673.335481821112,8647.911032626
SELL,2018-05-06 07:00:00,2018-05-07 01:00:00,9685.63,9410.914163914618,TAKE_PROFIT,2.8363238744963515,2018-05-06 06:00:00,2018,BULL,25.528680791719992,25-30,91.57194536179358,1.0092387678991266,1.00-1.20,9685.63,9429.623901585725,9182.16713680541
SELL,2018-05-21 19:00:00,2018-05-21 20:00:00,8340.99,8439.039047604325,STOP,-1.1755085140292112,2018-05-21 18:00:00,2018,BEAR,26.27259161621401,25-30,65.36603173621639,1.0199686937306647,1.00-1.20,8341.0,8433.039252916327,8453.070120225957
BUY,2018-05-29 12:00:00,2018-05-30 15:00:00,7403.98,7324.81,TREND_REVERSAL,-1.069289760372113,2018-05-29 11:00:00,2018,BEAR,30.193325227455826,30-35,77.6299431254941,1.2181162592046229,1.20+,7405.61,7580.420368152109,7808.934725864889
SELL,2018-08-10 10:00:00,2018-08-10 12:00:00,6340.0,6457.350696293313,STOP,-1.8509573547841225,2018-08-10 09:00:00,2018,BEAR,27.682758411599686,25-30,78.23379752887568,0.938546164804296,0.80-1.00,6340.01,6913.102000872662,7240.238753170612
BUY,2018-08-11 18:00:00,2018-08-11 23:00:00,6438.28,6291.206988164887,STOP,-2.2843525263752587,2018-08-11 17:00:00,2018,BEAR,34.707744658158184,30-35,98.0486745567421,1.1474353911568387,1.00-1.20,6439.0,6719.067038055052,6999.470636593181
BUY,2018-09-26 12:00:00,2018-09-26 13:00:00,6528.64,6460.708381818729,STOP,-1.0405171395768644,2018-09-26 11:00:00,2018,BEAR,28.683964242721036,25-30,45.28774545418091,1.0035745932331168,1.00-1.20,6528.58,6531.934993464682,6571.822704349929
SELL,2018-10-02 17:00:00,2018-10-03 03:00:00,6543.54,6439.265348467133,TAKE_PROFIT,1.5935510676616513,2018-10-02 16:00:00,2018,NEUTRAL,25.83117259056948,25-30,34.7582171776225,0.9435883783577026,0.80-1.00,6541.07,6580.452075172413,6567.82352988242
BUY,2018-10-04 02:00:00,2018-10-07 08:00:00,6593.09,6527.284808158898,STOP,-0.9980933347050015,2018-10-04 01:00:00,2018,NEUTRAL,28.941499588849013,25-30,43.870127894067906,1.2151461485003014,1.20+,6598.69,6560.00730329446,6578.935390744872
SELL,2018-10-09 14:00:00,2018-10-09 17:00:00,6613.82,6649.2442806600775,STOP,-0.5356099902942292,2018-10-09 13:00:00,2018,BULL,30.196402150568538,30-35,23.61618710671875,1.0893014603442017,1.00-1.20,6615.0,6601.533987365815,6578.988904338548
BUY,2018-11-12 01:00:00,2018-11-12 22:00:00,6458.87,6421.255790569318,STOP,-0.5823651727110395,2018-11-12 00:00:00,2018,BEAR,25.306370909027756,25-30,25.07613962045458,1.2819031537894734,1.20+,6458.45,6459.270679124873,6476.07441971109
SELL,2018-11-23 00:00:00,2018-11-24 00:00:00,4370.9,4484.409541923258,STOP,-2.596937516833111,2018-11-22 23:00:00,2018,BEAR,25.25774716676921,25-30,75.67302794883875,0.6770081874684729,<0.80,4370.0,5189.3228888831645,5583.843466152473
SELL,2018-11-26 21:00:00,2018-11-28 03:00:00,3776.34,3946.072983904959,STOP,-4.494642534966633,2018-11-26 20:00:00,2018,BEAR,26.740076045915508,25-30,113.15532260330605,1.1084234448049315,1.00-1.20,3776.34,4538.210825402353,4909.235442636484
BUY,2018-12-28 16:00:00,2018-12-29 23:00:00,3785.9,3717.8598466859457,STOP,-1.797198904198588,2018-12-28 15:00:00,2018,NEUTRAL,28.652997685262406,25-30,45.36010220936962,1.0875685377494038,1.00-1.20,3785.58,3743.8832176057317,3798.654538545067
SELL,2019-01-03 17:00:00,2019-01-04 03:00:00,3738.71,3784.433563028308,STOP,-1.2229769901465488,2019-01-03 16:00:00,2019,NEUTRAL,25.547151080135276,25-30,30.482375352205416,0.9811753375209125,0.80-1.00,3738.0,3768.020023334963,3750.8474806598283
BUY,2019-01-14 16:00:00,2019-01-15 09:00:00,3630.98,3584.50356175148,STOP,-1.2799970875223776,2019-01-14 15:00:00,2019,BEAR,32.635474455849995,30-35,30.98429216567991,1.3146362951792916,1.20+,3630.98,3678.5768975420247,3770.512971872798
BUY,2019-02-01 14:00:00,2019-02-02 05:00:00,3469.83,3442.9503505852254,STOP,-0.7746676181477069,2019-02-01 13:00:00,2019,BEAR,25.08574578896398,25-30,17.919766276516444,1.0082568531239882,1.00-1.20,3469.83,3481.5884425692693,3505.128715859572
BUY,2019-02-08 10:00:00,2019-02-08 15:00:00,3426.56,3472.184354585057,TAKE_PROFIT,1.3314914837346221,2019-02-08 09:00:00,2019,BEAR,27.166715296358134,25-30,15.208118195018946,1.086294067074676,1.00-1.20,3426.58,3442.320978539744,3465.9857963111617
BUY,2019-02-16 15:00:00,2019-02-16 23:00:00,3637.55,3615.0772311699366,STOP,-0.6177995857119108,2019-02-16 14:00:00,2019,BULL,37.014075789598614,35-40,14.981845886709175,1.0063660513907002,1.00-1.20,3636.64,3592.916385273811,3582.343837382735
SELL,2019-02-24 15:00:00,2019-02-25 18:00:00,3789.98,3870.679706408154,STOP,-2.129291088822469,2019-02-24 14:00:00,2019,NEUTRAL,44.64979300082763,40+,53.79980427210266,2.307544584951139,1.20+,3789.98,3902.3348643647596,3813.437982506427
BUY,2019-03-05 14:00:00,2019-03-08 06:00:00,3846.25,3914.9768655521293,TAKE_PROFIT,1.7868538330095367,2019-03-05 13:00:00,2019,NEUTRAL,34.466169203868816,30-35,22.90895518404308,1.209197939789437,1.20+,3846.97,3801.690142389671,3835.8250243833018
SELL,2019-04-15 18:00:00,2019-04-16 17:00:00,5047.25,5098.307282767338,STOP,-1.0115861660773235,2019-04-15 17:00:00,2019,BULL,25.50231231334375,25-30,34.03818851155819,1.303061626797129,1.20+,5047.25,5046.039279917377,5019.754262249321
BUY,2019-04-16 18:00:00,2019-04-19 16:00:00,5176.12,5290.236716703656,TAKE_PROFIT,2.2046767985219913,2019-04-16 17:00:00,2019,BULL,29.191732800950597,25-30,38.03890556788548,1.3058602156341088,1.20+,5176.93,5047.302386804672,5025.256356149601
SELL,2019-04-24 08:00:00,2019-04-25 22:00:00,5420.61,5259.434684835867,TAKE_PROFIT,2.9733796595610524,2019-04-24 07:00:00,2019,BULL,30.226540801981127,30-35,53.72510505471088,1.3542949613793396,1.20+,5421.59,5292.73925094038,5192.35221363525
SELL,2019-05-06 08:00:00,2019-05-06 14:00:00,5634.82,5716.70896934676,STOP,-1.4532668185808943,2019-05-06 07:00:00,2019,BULL,31.139467178804395,30-35,54.592646231173504,1.0459862090347647,1.00-1.20,5636.0,5567.973899662416,5446.94476115543
SELL,2019-05-29 06:00:00,2019-05-29 08:00:00,8454.21,8584.831760277517,STOP,-1.545049866013711,2019-05-29 05:00:00,2019,BULL,28.043721292389222,25-30,87.0811735183446,0.9307680865574005,0.80-1.00,8454.28,8201.579596614376,7880.080334447426
SELL,2019-07-27 11:00:00,2019-07-28 22:00:00,9546.65,9199.898806239988,TAKE_PROFIT,3.632176666789,2019-07-27 10:00:00,2019,BEAR,26.497109563288895,25-30,115.58373125333765,1.1939057315016226,1.00-1.20,9543.56,10120.040114937698,10269.864187512512
SELL,2019-09-04 14:00:00,2019-09-04 16:00:00,10401.68,10541.189401020838,STOP,-1.3412198896797218,2019-09-04 13:00:00,2019,BULL,25.72166328436969,25-30,93.00626734722545,1.0542755993500534,1.00-1.20,10401.7,10062.996237998806,9818.325617332288
SELL,2019-09-19 02:00:00,2019-09-19 03:00:00,10125.04,9994.25727716128,TAKE_PROFIT,1.291676110303973,2019-09-19 01:00:00,2019,BEAR,32.511284453222956,30-35,43.594240946240426,0.9496722010943538,0.80-1.00,10125.04,10241.278500578237,10271.293250561615
SELL,2019-09-21 10:00:00,2019-09-23 14:00:00,10000.02,9820.501660250264,TAKE_PROFIT,1.7951798071377527,2019-09-21 09:00:00,2019,BEAR,29.50993971985751,25-30,59.83944658324545,0.9513375290185814,0.80-1.00,10000.34,10175.63070160346,10221.155220642819
BUY,2019-10-07 13:00:00,2019-10-09 14:00:00,8110.0,8350.707239467067,TAKE_PROFIT,2.9680300797418835,2019-10-07 12:00:00,2019,BEAR,27.762762234916842,25-30,80.2357464890224,1.313479556482694,1.20+,8110.0,8179.58511719282,8320.940475943016
SELL,2019-11-03 11:00:00,2019-11-03 23:00:00,9142.23,9221.367493178548,STOP,-0.8656257081537934,2019-11-03 10:00:00,2019,BULL,26.375886074611294,25-30,52.758328785699135,0.7875039961696336,<0.80,9142.35,9073.01180116526,8964.810574041947
BUY,2019-11-04 15:00:00,2019-11-04 20:00:00,9297.76,9444.246925810114,TAKE_PROFIT,1.5755077116435943,2019-11-04 14:00:00,2019,BULL,25.037196284543754,25-30,48.82897527003801,0.9418238183714249,0.80-1.00,9299.04,9098.5617914966,9021.74510278869
BUY,2019-11-10 17:00:00,2019-11-11 05:00:00,9020.67,8918.783540542287,STOP,-1.1294777378810388,2019-11-10 16:00:00,2019,BEAR,26.52689784079317,25-30,67.92430630514224,1.1576423916103304,1.00-1.20,9020.63,9044.623786173732,9191.795918073176
BUY,2019-12-04 14:00:00,2019-12-04 20:00:00,7496.46,7363.1154483796,STOP,-1.7787669329310116,2019-12-04 13:00:00,2019,NEUTRAL,28.14472301061651,25-30,88.89636774693349,1.4969125199563553,1.20+,7497.83,7388.18183582043,7465.844258142071
BUY,2019-12-13 17:00:00,2019-12-13 18:00:00,7282.18,7234.476345342429,STOP,-0.6550738193449069,2019-12-13 16:00:00,2019,BEAR,26.272638111747128,25-30,31.802436438380532,0.779699991932773,<0.80,7282.18,7308.299572994443,7377.37730449375
SELL,2020-01-31 13:00:00,2020-01-31 22:00:00,9283.19,9395.716846701956,STOP,-1.212157100112741,2020-01-31 12:00:00,2020,BULL,31.068120981513843,30-35,75.01789780130409,0.9402709154178361,0.80-1.00,9282.33,8989.73589353205,8734.899054796095
BUY,2020-02-11 16:00:00,2020-02-12 07:00:00,10165.0,10411.141400130613,TAKE_PROFIT,2.4214599127458234,2020-02-11 15:00:00,2020,BULL,38.728551207181575,35-40,82.04713337687116,1.2043201449834804,1.20+,10164.99,9714.345297496393,9591.506133986853
SELL,2020-02-19 22:00:00,2020-02-23 03:00:00,9615.77,9787.08,TREND_REVERSAL,-1.781552595371972,2020-02-19 21:00:00,2020,BEAR,31.259993877499607,30-35,135.1353080923587,1.49522199013353,1.20+,9615.72,9951.58678390093,9972.663729644673
BUY,2020-03-23 13:00:00,2020-03-24 08:00:00,6324.0,6791.98533006095,TAKE_PROFIT,7.400147534170623,2020-03-23 12:00:00,2020,BULL,27.97490020870266,25-30,155.9951100203167,1.0239883625709074,1.00-1.20,6323.91,6021.03942475926,5992.13680092088
SELL,2020-04-01 13:00:00,2020-04-01 20:00:00,6219.29,6316.44034801698,STOP,-1.562081009520064,2020-04-01 12:00:00,2020,NEUTRAL,25.644939503592525,25-30,64.7668986779869,0.8365971267191409,0.80-1.00,6219.29,6332.7588060250055,6297.240849880493
BUY,2020-04-01 23:00:00,2020-04-02 14:00:00,6520.76,6765.763677108198,TAKE_PROFIT,3.7572871430354398,2020-04-01 22:00:00,2020,BULL,30.160503356512322,30-35,81.66789236939931,1.0945545972867978,1.00-1.20,6520.75,6326.642465305754,6302.844746768224
SELL,2020-04-07 21:00:00,2020-04-08 02:00:00,7119.62,7253.7111422406915,STOP,-1.883403078263891,2020-04-07 20:00:00,2020,BULL,27.74920469444662,25-30,89.39409482712756,1.1438209551907585,1.00-1.20,7119.61,6826.685245483954,6596.269811017353
BUY,2020-04-12 15:00:00,2020-04-12 16:00:00,6965.94,7116.331847422396,TAKE_PROFIT,2.158959844936886,2020-04-12 14:00:00,2020,NEUTRAL,25.97583564717859,25-30,50.13061580746564,0.8255965600231816,0.80-1.00,6966.9,6954.2024592139,7015.858220407031
BUY,2020-04-22 14:00:00,2020-04-23 13:00:00,7061.97,7223.763482630306,TAKE_PROFIT,2.2910531003431807,2020-04-22 13:00:00,2020,NEUTRAL,25.923583658842443,25-30,53.93116087676849,0.8485273868215728,0.80-1.00,7061.34,6974.1576332031555,7028.244074003699
SELL,2020-05-09 08:00:00,2020-05-09 16:00:00,9594.7,9766.315776743364,STOP,-1.7886518259389381,2020-05-09 07:00:00,2020,BULL,25.976892827933444,25-30,114.41051782890904,0.9787688124458365,0.80-1.00,9592.77,9148.629579036657,8734.025024620401
SELL,2020-05-15 20:00:00,2020-05-16 05:00:00,9337.86,9519.583148263788,STOP,-1.9460898778069828,2020-05-15 19:00:00,2020,BULL,25.947324101635246,25-30,121.14876550919163,0.9705152768451673,0.80-1.00,9337.83,9193.017959615187,8969.741936386652
SELL,2020-06-06 02:00:00,2020-06-06 09:00:00,9578.64,9684.210014973836,STOP,-1.1021399172934447,2020-06-06 01:00:00,2020,NEUTRAL,43.904228919860486,40+,70.38000998255731,0.9286863328215754,0.80-1.00,9578.08,9588.787314337105,9504.7551265049
SELL,2020-07-05 10:00:00,2020-07-05 21:00:00,9019.58,8914.291617672878,TAKE_PROFIT,1.1673313206060842,2020-07-05 09:00:00,2020,BEAR,25.39114708740466,25-30,35.09612744237396,1.071742490056814,1.00-1.20,9019.57,9153.937407928901,9194.425971252958
BUY,2020-07-11 00:00:00,2020-07-11 09:00:00,9288.34,9229.077119095364,STOP,-0.6380352237820365,2020-07-10 23:00:00,2020,BULL,25.703743315875762,25-30,39.50858726975738,0.952585333144683,0.80-1.00,9288.34,9231.956246551437,9212.89164628563
SELL,2020-07-14 05:00:00,2020-07-14 17:00:00,9189.96,9243.882729535164,STOP,-0.5867569557992066,2020-07-14 04:00:00,2020,NEUTRAL,33.07551654735009,30-35,35.94848635677644,1.0785931628042857,1.00-1.20,9189.97,9244.346643146388,9233.576370228873
SELL,2020-08-02 05:00:00,2020-08-05 11:00:00,11170.8,11438.06,TREND_REVERSAL,-2.3924875568446327,2020-08-02 04:00:00,2020,BULL,38.861131884427245,35-40,226.74863878299925,2.137575973741523,1.20+,11169.84,10834.725010594391,10408.559490917116
SELL,2020-08-10 11:00:00,2020-08-10 12:00:00,11686.12,11849.970932042654,STOP,-1.4020986609982855,2020-08-10 10:00:00,2020,BULL,32.27901714023984,30-35,109.23395469510169,1.3953068167650016,1.20+,11686.13,11517.795423300291,11370.733952986557
SELL,2020-08-18 15:00:00,2020-08-19 20:00:00,11941.37,11579.144682887627,TAKE_PROFIT,3.033364824240216,2020-08-18 14:00:00,2020,BULL,25.633285289103334,25-30,120.74177237079111,1.3922991295176301,1.20+,11941.36,11836.891730846828,11673.305182611402
BUY,2020-09-24 16:00:00,2020-09-24 22:00:00,10545.07,10747.891141755452,TAKE_PROFIT,1.9233740672698438,2020-09-24 15:00:00,2020,BEAR,25.46099510826887,25-30,67.6070472518175,1.1347338839484733,1.00-1.20,10545.36,10604.129831241418,10732.87408706124
SELL,2020-09-29 00:00:00,2020-09-29 11:00:00,10696.11,10788.659599659972,STOP,-0.8652640975080765,2020-09-28 23:00:00,2020,NEUTRAL,29.799709461571872,25-30,61.69973310664754,1.1874493144045366,1.00-1.20,10696.12,10702.807766718146,10639.271787315578
SELL,2020-10-28 12:00:00,2020-10-28 14:00:00,13318.33,12899.748702442195,TAKE_PROFIT,3.142896275717786,2020-10-28 11:00:00,2020,BULL,28.526789181834413,25-30,139.52709918593484,1.3282819396306806,1.20+,13318.33,12877.00785220092,12546.998236022917
SELL,2020-11-14 10:00:00,2020-11-14 14:00:00,15794.85,16000.99761748873,STOP,-1.3051571714117591,2020-11-14 09:00:00,2020,BULL,27.048348392999443,25-30,137.43174499248659,0.8612216952404492,0.80-1.00,15794.85,15505.619120694093,15075.105183286856
SELL,2020-12-11 01:00:00,2020-12-12 00:00:00,18018.31,18269.128425524916,STOP,-1.3920197039839715,2020-12-11 00:00:00,2020,BEAR,26.13400981665039,25-30,167.21228368327633,0.9199318272383028,0.80-1.00,18018.32,18670.403385978483,18922.49504382977
BUY,2021-01-03 06:00:00,2021-01-03 16:00:00,33758.67,32706.582613844643,STOP,-3.1164953659470456,2021-01-03 05:00:00,2021,BULL,25.910280792283277,25-30,701.3915907702363,1.7046924063679434,1.20+,33758.67,28167.456566067274,26606.74958924138
SELL,2021-01-08 03:00:00,2021-01-08 04:00:00,37181.74,38809.89226435533,STOP,-4.378902827988504,2021-01-08 02:00:00,2021,BULL,27.91626547500714,25-30,1085.4348429035535,1.3280874616443576,1.20+,37181.74,32863.914015659815,30254.21987185094
SELL,2021-02-04 16:00:00,2021-02-04 20:00:00,36564.23,37521.91085777564,STOP,-2.6191741430781894,2021-02-04 15:00:00,2021,BULL,26.87280080763103,25-30,638.4539051837572,1.27842472814312,1.20+,36564.23,34805.848972270665,33548.136383572215
BUY,2021-02-11 14:00:00,2021-02-12 14:00:00,47555.46,46386.24560661383,STOP,-2.4586333375519156,2021-02-11 13:00:00,2021,BULL,28.649099462238816,25-30,779.4762622574442,0.908518992131413,0.80-1.00,47555.46,41543.779555233385,38809.54987334506
SELL,2021-02-15 03:00:00,2021-02-15 11:00:00,46874.01,47997.91379976215,STOP,-2.3977120791716966,2021-02-15 02:00:00,2021,BULL,26.57224200258952,25-30,749.2691998414334,1.2755596340242035,1.20+,46874.02,45143.62741136534,43308.26707831074
SELL,2021-04-10 21:00:00,2021-04-10 23:00:00,58619.72,59443.19423423017,STOP,-1.404773400879719,2021-04-10 20:00:00,2021,BULL,28.882076753878962,25-30,548.9828228201116,1.2148994773428783,1.20+,58615.28,58203.884650948494,57662.67021127219
SELL,2021-06-30 05:00:00,2021-07-01 07:00:00,34755.44,33375.287851379675,TAKE_PROFIT,3.9710392060072532,2021-06-30 04:00:00,2021,BULL,30.987296318398432,30-35,460.0507162067769,0.9116653088136915,0.80-1.00,34755.23,34253.72552297874,33646.06053246804
SELL,2021-08-05 09:00:00,2021-08-05 12:00:00,38482.86,37391.006162568614,TAKE_PROFIT,2.837247121007603,2021-08-05 08:00:00,2021,BEAR,25.304018551693673,25-30,363.951279143795,0.8813156983195585,0.80-1.00,38482.85,38919.98599610483,39028.08554852446
SELL,2021-08-26 06:00:00,2021-08-27 14:00:00,47042.36,47850.138700176154,STOP,-1.7171304759713446,2021-08-26 05:00:00,2021,NEUTRAL,25.892246380598035,25-30,538.5191334507697,1.2262445343532526,1.20+,47042.36,48031.609009511834,47761.132365760626
SELL,2021-09-07 09:00:00,2021-09-07 14:00:00,51192.7,49970.53918377843,TAKE_PROFIT,2.387373231381761,2021-09-07 08:00:00,2021,BULL,29.116265615130644,25-30,407.3869387405236,1.1936083385808285,1.00-1.20,51192.7,50019.52434413161,49008.61074821689
BUY,2021-09-30 02:00:00,2021-10-01 07:00:00,42965.41,44444.79292901179,TAKE_PROFIT,3.4431951865740054,2021-09-30 01:00:00,2021,BEAR,25.499736570420332,25-30,493.12764300393,1.0385785481029814,1.00-1.20,42965.41,43033.1329452066,43773.537762764696
SELL,2021-11-15 16:00:00,2021-11-16 00:00:00,64288.16,62793.48124777469,TAKE_PROFIT,2.324967384702431,2021-11-15 15:00:00,2021,NEUTRAL,26.454852805780813,25-30,498.2262507417718,1.040838242803153,1.00-1.20,64288.16,64521.46118356858,64285.587738503506
BUY,2021-11-22 14:00:00,2021-11-22 16:00:00,58853.92,57751.8671794079,STOP,-1.8725223750467261,2021-11-22 13:00:00,2021,BEAR,25.305136506409845,25-30,734.701880394731,1.4538577175502716,1.20+,58853.92,59849.868691487914,60709.685364860736
BUY,2021-12-12 13:00:00,2021-12-13 01:00:00,49513.38,48834.692161725325,STOP,-1.3707160332715576,2021-12-12 12:00:00,2021,BEAR,28.31041141729806,25-30,452.4585588497831,0.7503627321778512,<0.80,49513.38,50011.5502614073,50926.57657354953
BUY,2021-12-15 09:00:00,2021-12-15 12:00:00,48573.1,47795.24132417315,STOP,-1.6014186367080754,2021-12-15 08:00:00,2021,BEAR,29.52553769351797,25-30,518.5724505512356,0.8941304766402148,0.80-1.00,48573.09,49016.918804651454,49948.78398342632
BUY,2021-12-26 23:00:00,2021-12-27 17:00:00,50973.65,52082.66657305967,TAKE_PROFIT,2.1756663944207855,2021-12-26 22:00:00,2021,BULL,25.920424471268305,25-30,369.6721910198896,1.0717975686755756,1.00-1.20,50973.64,49445.073016887356,48790.41746492479
SELL,2022-02-21 12:00:00,2022-02-21 14:00:00,37576.1,38208.74838350692,STOP,-1.6836456777231352,2022-02-21 11:00:00,2022,BEAR,25.86364972428807,25-30,421.7655890046155,1.31937574869846,1.20+,37577.33,40903.652096965554,42112.438087402064
SELL,2022-04-03 03:00:00,2022-04-03 04:00:00,45776.84,46319.91537662871,STOP,-1.1863540092079667,2022-04-03 02:00:00,2022,NEUTRAL,29.98467199117222,25-30,362.0502510858099,0.9494282850075701,0.80-1.00,45776.83,45793.28739467948,45626.07655240113
SELL,2022-04-10 23:00:00,2022-04-11 10:00:00,42111.93,41257.67944284304,TAKE_PROFIT,2.0285238818476463,2022-04-10 22:00:00,2022,BEAR,25.680574901137778,25-30,284.75018571898784,1.1044709428171797,1.00-1.20,42111.94,43979.75079999418,44871.17830555986
SELL,2022-05-05 15:00:00,2022-05-05 15:00:00,38209.01,37338.8639213236,TAKE_PROFIT,2.277332175516717,2022-05-05 14:00:00,2022,NEUTRAL,36.31482874990615,35-40,290.04869289213286,1.058437121747068,1.00-1.20,38209.0,38931.91402119898,38931.41983373713
BUY,2022-05-19 16:00:00,2022-05-20 14:00:00,30389.45,29836.385916716426,STOP,-1.8199213321846046,2022-05-19 15:00:00,2022,BEAR,27.08992049116072,25-30,368.7093888557164,1.0680307010138752,1.00-1.20,30389.45,30423.522138574834,30984.07908513657
SELL,2022-05-27 18:00:00,2022-05-27 19:00:00,28388.13,28900.052133550642,STOP,-1.8032964254800892,2022-05-27 17:00:00,2022,BEAR,35.808124382248316,35-40,341.28142236709294,1.1403048143391534,1.00-1.20,28388.14,29627.447452617394,29864.831197063293
BUY,2022-06-07 20:00:00,2022-06-07 22:00:00,31059.71,30552.690856073208,STOP,-1.6324014098225352,2022-06-07 19:00:00,2022,BULL,35.279589055306175,35-40,338.01276261785995,1.3503435883041894,1.20+,31059.71,30203.586788613193,30027.60177761902
SELL,2022-06-08 04:00:00,2022-06-08 13:00:00,30026.71,30717.29919204228,STOP,-2.299916281345109,2022-06-08 03:00:00,2022,NEUTRAL,27.554343894313476,25-30,460.3927946948527,1.607619921358228,1.20+,30026.72,30267.460028222147,30035.869370348915
BUY,2022-07-19 15:00:00,2022-07-19 19:00:00,22626.18,23691.19942446123,TAKE_PROFIT,4.707022681076649,2022-07-19 14:00:00,2022,BULL,25.253879049109283,25-30,355.0064748204097,1.214859265725036,1.20+,22626.42,21081.911450534375,20619.888396866
SELL,2022-07-21 03:00:00,2022-07-21 20:00:00,22692.06,23296.74748601435,STOP,-2.664753601102531,2022-07-21 02:00:00,2022,BULL,28.100781015359345,25-30,403.12499067623014,1.0761292085186902,1.00-1.20,22694.58,21806.19603548375,20938.905265717305
BUY,2022-08-10 13:00:00,2022-08-10 18:00:00,23983.92,23662.546166507804,STOP,-1.339955409675293,2022-08-10 12:00:00,2022,BULL,35.70793509402798,35-40,214.24922232812884,1.3027988201384164,1.20+,23985.18,23243.320376691652,23133.278685130637
SELL,2022-08-22 19:00:00,2022-08-22 23:00:00,21023.94,21322.54349854658,STOP,-1.4203022770545448,2022-08-22 18:00:00,2022,BEAR,25.583883995823754,25-30,199.06899903105517,1.1261973407519366,1.00-1.20,21023.94,22360.44552361133,23040.62474576632
BUY,2022-08-31 03:00:00,2022-08-31 15:00:00,20335.19,20035.13799228673,STOP,-1.4755308788030397,2022-08-31 02:00:00,2022,BEAR,25.568097615786662,25-30,200.0346718088452,1.2636369541265116,1.20+,20335.19,20677.84439412736,21067.09411820724
SELL,2022-09-13 13:00:00,2022-09-13 18:00:00,21398.32,20503.07955016085,TAKE_PROFIT,4.183695027643048,2022-09-13 12:00:00,2022,BULL,26.33156728462439,25-30,298.4134832797157,1.425259906120376,1.20+,21398.32,21030.968575727264,20355.393919840903
BUY,2022-10-16 20:00:00,2022-10-16 20:00:00,19375.39,19277.0114404714,STOP,-0.5077500867265072,2022-10-16 19:00:00,2022,NEUTRAL,25.42724949863478,25-30,65.58570635240044,0.6865859436745008,<0.80,19375.39,19276.993121598618,19362.135986975227
SELL,2022-10-18 19:00:00,2022-10-18 20:00:00,19220.87,19402.765437083046,STOP,-0.9463434125668974,2022-10-18 18:00:00,2022,NEUTRAL,31.63193711734187,30-35,121.26362472203104,1.2415206817670084,1.20+,19220.87,19340.080019492285,19278.89058502112
SELL,2022-12-25 21:00:00,2022-12-25 21:00:00,16769.01,16821.822943062947,STOP,-0.3149437150013553,2022-12-25 20:00:00,2022,BEAR,27.191783860837088,25-30,35.20862870863318,0.9729582919000997,0.80-1.00,16768.64,16856.83030241338,16879.5297539423
SELL,2023-01-18 17:00:00,2023-01-19 19:00:00,20849.89,21090.95,TREND_REVERSAL,-1.1561691692378295,2023-01-18 16:00:00,2023,BULL,26.2763221202256,25-30,222.904155373488,1.3228378920148531,1.20+,20845.47,19992.624069080866,19203.63547665626
BUY,2023-01-25 22:00:00,2023-01-25 22:00:00,23592.56,23272.943559803392,STOP,-1.3547340356307618,2023-01-25 21:00:00,2023,BULL,30.304476457055554,30-35,213.07762679773813,1.2333605127327312,1.20+,23592.55,22098.198168536743,21628.935186383093
BUY,2023-02-17 20:00:00,2023-02-17 22:00:00,24524.49,24115.77926950047,STOP,-1.6665412022820185,2023-02-17 19:00:00,2023,BULL,27.982417997209488,25-30,272.47382033302165,1.1295932083358313,1.00-1.20,24524.49,22986.25883765209,22193.995914621926
SELL,2023-02-23 12:00:00,2023-02-23 13:00:00,23780.21,24091.7106773237,STOP,-1.3099155866314893,2023-02-23 11:00:00,2023,NEUTRAL,27.597695530297138,25-30,207.66711821579892,0.998948181685702,0.80-1.00,23780.2,24065.683221189698,23968.52532767394
SELL,2023-03-24 22:00:00,2023-03-25 15:00:00,27335.13,27752.511338437478,STOP,-1.5269045306807651,2023-03-24 21:00:00,2023,BULL,27.187681251575352,25-30,278.25422562498477,0.9363231895373856,0.80-1.00,27335.14,27088.725453277588,26596.603102820598
SELL,2023-05-10 18:00:00,2023-05-10 20:00:00,27498.73,27883.11746027232,STOP,-1.397837137468963,2023-05-10 17:00:00,2023,BEAR,27.15418667549125,25-30,256.2583068482122,1.4319387315790886,1.20+,27498.72,28336.728592237807,28762.95612477354
SELL,2023-05-16 02:00:00,2023-05-16 08:00:00,27024.64,27272.213952938517,STOP,-0.9161045362251535,2023-05-16 01:00:00,2023,BEAR,26.9399957293971,25-30,165.04930195901053,1.2755812298389577,1.20+,27024.64,27378.86317380468,27536.17635559583
SELL,2023-05-18 18:00:00,2023-05-18 19:00:00,26489.0,26785.88903453984,STOP,-1.120801217636904,2023-05-18 17:00:00,2023,BEAR,25.43383883660342,25-30,197.9260230265594,1.3630672886170083,1.20+,26488.99,27249.70841504395,27339.790907656366
SELL,2023-07-14 18:00:00,2023-07-14 18:00:00,30688.63,30070.510675219022,TAKE_PROFIT,2.0141639583812596,2023-07-14 17:00:00,2023,BULL,25.35795327221055,25-30,206.03977492699246,1.203713681189036,1.20+,30688.64,30620.913103010633,30427.581764710343
BUY,2023-07-26 19:00:00,2023-07-26 19:00:00,29377.5,29227.270558392753,STOP,-0.5113758543349409,2023-07-26 18:00:00,2023,BEAR,34.49286214212011,30-35,100.15296107149874,0.9770437717833171,0.80-1.00,29377.5,29660.35440050616,29957.617452108636
BUY,2023-08-14 04:00:00,2023-08-14 14:00:00,29399.91,29587.514881975323,TAKE_PROFIT,0.6381137968630626,2023-08-14 03:00:00,2023,BULL,29.318751189422777,25-30,62.53496065844164,1.6853785833013302,1.20+,29399.91,29393.18202782279,29390.696070228645
BUY,2023-09-10 22:00:00,2023-09-11 00:00:00,25902.82,25777.777101765714,STOP,-0.4827385521510226,2023-09-10 21:00:00,2023,BEAR,38.295790040930115,35-40,83.36193215619024,1.2580888229761544,1.20+,25902.81,25930.55637010683,25984.6554355051
SELL,2023-09-11 12:00:00,2023-09-11 13:00:00,25601.27,25750.24969929808,STOP,-0.5819230815427554,2023-09-11 11:00:00,2023,BEAR,29.98956117804069,25-30,99.31979953205338,1.499793339977744,1.20+,25601.27,25909.276456651354,25971.189333395763
BUY,2023-09-15 23:00:00,2023-09-16 00:00:00,26776.32,26580.65181443155,STOP,-0.7307508483930989,2023-09-15 22:00:00,2023,BULL,25.84733384520369,25-30,130.44545704563362,0.9075817333595326,0.80-1.00,26776.31,26115.435358956198,25888.662616250218
BUY,2023-09-28 15:00:00,2023-09-28 16:00:00,26793.36,27191.194093216065,TAKE_PROFIT,1.4848234533334548,2023-09-28 14:00:00,2023,NEUTRAL,28.244668141471042,25-30,132.61136440535526,1.2591002148474777,1.20+,26793.37,26450.678829802047,26509.157352108923
SELL,2023-11-05 22:00:00,2023-11-05 22:00:00,34645.92,34926.213657424705,STOP,-0.8090235659053271,2023-11-05 21:00:00,2023,BULL,25.147784426103584,25-30,186.86243828313602,1.1385383920009111,1.00-1.20,34645.92,34443.66872552372,34153.232017897986
BUY,2023-11-07 19:00:00,2023-11-08 23:00:00,35377.0,35997.69774638946,TAKE_PROFIT,1.754523408964746,2023-11-07 18:00:00,2023,BULL,26.40347536804385,25-30,206.89924879648697,1.1500129427936712,1.00-1.20,35377.01,34623.268396663465,34417.84991820976
SELL,2023-11-21 15:00:00,2023-11-21 15:00:00,36635.97,36966.7440229607,STOP,-0.9028668354098462,2023-11-21 14:00:00,2023,NEUTRAL,31.370370418961944,30-35,220.51601530713234,1.0944911448111008,1.00-1.20,36635.97,36740.04553631873,36434.17306908975
SELL,2023-12-07 11:00:00,2023-12-07 15:00:00,43134.23,43578.20166562137,STOP,-1.0292792188972981,2023-12-07 10:00:00,2023,BULL,25.072799853481907,25-30,295.981110414241,0.8676569682734138,0.80-1.00,43134.24,40945.78905558222,39224.94328652796
SELL,2024-01-03 12:00:00,2024-01-03 12:00:00,43702.89,42435.17583017065,TAKE_PROFIT,2.9007559221583494,2024-01-03 11:00:00,2024,BULL,26.62317911038677,25-30,422.5713899431162,1.2945611999360385,1.20+,43702.88,43451.27854129863,42640.34359487145
BUY,2024-01-04 21:00:00,2024-01-05 01:00:00,44113.68,43438.52700898674,STOP,-1.5304844007873737,2024-01-04 20:00:00,2024,BULL,28.244097584266928,25-30,450.10199400884164,0.9722212166415543,0.80-1.00,44113.68,43371.47870447258,43154.43846690513
SELL,2024-01-09 22:00:00,2024-01-10 17:00:00,45439.44,46395.296163423955,STOP,-2.1035826221096743,2024-01-09 21:00:00,2024,BULL,31.61496934659783,30-35,637.237442282634,1.5935059224766992,1.20+,45439.44,44470.22028621606,43639.92312809227
SELL,2024-02-13 15:00:00,2024-02-13 20:00:00,48692.17,49309.06932781158,STOP,-1.266937431237058,2024-02-13 14:00:00,2024,BULL,35.41203848506523,35-40,411.26621854105247,1.267804205121897,1.20+,48692.16,46712.4627882047,45173.263276225895
SELL,2024-04-01 06:00:00,2024-04-01 07:00:00,69167.47,69753.28589176331,STOP,-0.8469528981807658,2024-04-01 05:00:00,2024,NEUTRAL,32.612994234155344,30-35,390.54392784221244,1.3685356775022506,1.20+,69167.48,69345.6681584568,68725.89607446257
SELL,2024-04-09 08:00:00,2024-04-09 14:00:00,70383.98,68853.43877808172,TAKE_PROFIT,2.1745590714226113,2024-04-09 07:00:00,2024,BULL,25.17980813369753,25-30,510.1804073060931,1.1327337602520233,1.00-1.20,70383.99,69003.24055474412,67944.65795678158
SELL,2024-05-14 10:00:00,2024-05-15 09:00:00,61797.84,62396.876019635456,STOP,-0.9693478277484449,2024-05-14 09:00:00,2024,NEUTRAL,25.08436184807593,25-30,399.357346423638,1.133841811716183,1.00-1.20,61797.85,62028.75120356387,61985.00672747425
BUY,2024-05-15 13:00:00,2024-05-15 18:00:00,63757.57,65278.84897950812,TAKE_PROFIT,2.386036637701404,2024-05-15 12:00:00,2024,BULL,33.17952091369305,30-35,507.09299316937194,1.234174020684052,1.20+,63757.56,62004.67724590507,61869.481607663954
BUY,2024-05-17 15:00:00,2024-05-19 18:00:00,66806.67,66586.21,TREND_REVERSAL,-0.3299969898215131,2024-05-17 14:00:00,2024,BULL,39.907090327546825,35-40,465.8196223046446,0.9584196431519844,0.80-1.00,66806.66,63487.39250283129,62004.67724590507
BUY,2024-06-12 13:00:00,2024-06-12 18:00:00,69339.29,68661.7415198443,STOP,-0.9771494345495731,2024-06-12 12:00:00,2024,NEUTRAL,30.388340379362344,30-35,451.69898677046365,1.216517487691211,1.20+,69339.29,68963.06910671339,69615.63377473292
SELL,2024-08-15 19:00:00,2024-08-15 20:00:00,57872.82,56093.244287192545,TAKE_PROFIT,3.074976669198865,2024-08-15 18:00:00,2024,BEAR,25.704563293335323,25-30,593.1919042691515,1.0781775748079674,1.00-1.20,57872.82,59605.99949953069,59661.01639302558
SELL,2024-08-19 00:00:00,2024-08-19 13:00:00,58427.35,58966.84757873425,STOP,-0.9233647918898398,2024-08-18 23:00:00,2024,NEUTRAL,25.342781468159835,25-30,359.6650524894976,1.0167684566262079,1.00-1.20,58427.35,59364.352129679784,59293.642671683614
SELL,2024-09-05 10:00:00,2024-09-06 07:00:00,56797.0,55525.20565053281,TAKE_PROFIT,2.239192826147847,2024-09-05 09:00:00,2024,BEAR,25.852684588739866,25-30,423.9314498223968,0.9925959328960029,0.80-1.00,56797.0,58728.30775163695,59516.75688914519
BUY,2024-09-17 11:00:00,2024-09-17 14:00:00,59235.99,60341.713735960286,TAKE_PROFIT,1.8666417763259933,2024-09-17 10:00:00,2024,BULL,28.20646024489453,25-30,368.5745786534294,1.1373030234723038,1.00-1.20,59236.0,58327.77332807569,58058.88863636483
BUY,2024-12-31 14:00:00,2024-12-31 17:00:00,95587.12,94476.14958333992,STOP,-1.1622595352387137,2024-12-31 13:00:00,2024,NEUTRAL,25.118437595859916,25-30,740.6469444400483,1.257152546083319,1.20+,95587.12,95354.7430538424,96541.11364702064
SELL,2025-01-07 15:00:00,2025-01-07 15:00:00,99979.69,98371.50401153491,TAKE_PROFIT,1.608512677389869,2025-01-07 14:00:00,2025,BULL,30.334298894700634,30-35,536.061996155028,1.0600251132648333,1.00-1.20,99979.69,97970.58053869405,96449.15400702413
BUY,2025-01-20 07:00:00,2025-01-20 15:00:00,107482.36,104892.25893464031,STOP,-2.409791769886416,2025-01-20 06:00:00,2025,BULL,26.421979347887806,25-30,1726.7340435731248,1.9071573072031704,1.20+,107486.5,100522.94828757326,98253.92733849413
SELL,2025-01-20 18:00:00,2025-01-21 16:00:00,102963.31,106300.27874838776,STOP,-3.240929947170273,2025-01-20 17:00:00,2025,BULL,27.022521086594367,25-30,2224.645832258513,1.9883231872368567,1.20+,102963.32,101195.09219917802,98803.66918381311
SELL,2025-03-10 17:00:00,2025-03-11 08:00:00,79009.01,80865.2492545847,STOP,-2.349401991728172,2025-03-10 16:00:00,2025,BEAR,27.519145283608754,25-30,1237.492836389806,1.6327819940930872,1.20+,79009.98,86359.29538524227,88235.14138787655
BUY,2025-03-25 20:00:00,2025-03-25 22:00:00,88116.23,87326.64608625745,STOP,-0.8960709210352623,2025-03-25 19:00:00,2025,BULL,27.990323369128777,25-30,526.3892758283655,1.1426926489507567,1.00-1.20,88116.23,85315.1803359714,84125.31264694422
BUY,2025-05-18 23:00:00,2025-05-19 01:00:00,105928.11,104915.4968068214,STOP,-0.9559437935582988,2025-05-18 22:00:00,2025,BULL,26.322727910898106,25-30,675.0754621190683,1.593141691970054,1.20+,105928.1,102912.44948086735,102389.35098596006
BUY,2025-08-10 04:00:00,2025-08-10 06:00:00,118500.0,117883.76474061482,STOP,-0.5200297547554287,2025-08-10 03:00:00,2025,BULL,25.547284239344258,25-30,410.8235062567909,1.0288551981774379,1.00-1.20,118500.0,115916.54107318944,115358.91639006555
BUY,2025-09-30 20:00:00,2025-10-01 08:00:00,114359.99,115897.04123029942,TAKE_PROFIT,1.344046314011935,2025-09-30 19:00:00,2025,BULL,29.236089482019683,25-30,512.3504100998044,1.3052832981109423,1.20+,114359.99,112162.37505272451,111565.33987621454
BUY,2025-10-21 15:00:00,2025-10-21 20:00:00,112170.52,110752.41068158901,STOP,-1.264244222466823,2025-10-21 14:00:00,2025,NEUTRAL,26.780810327707464,25-30,945.406212273994,1.446999023101913,1.20+,112170.52,110312.77921783457,110761.40250797269
SELL,2025-11-12 16:00:00,2025-11-13 05:00:00,102173.51,103340.87243430199,STOP,-1.142529442613835,2025-11-12 15:00:00,2025,BEAR,29.265941155844146,25-30,778.2416228679931,1.1306059069909642,1.00-1.20,102173.51,104517.7113714671,104596.38955668994
SELL,2025-11-13 17:00:00,2025-11-14 04:00:00,100633.13,97876.89731608628,TAKE_PROFIT,2.7388919373905236,2025-11-13 16:00:00,2025,BEAR,25.68115621464775,25-30,918.7442279712438,1.2772491566200725,1.20+,100633.13,104021.2847546982,104784.68398570831
BUY,2025-11-23 04:00:00,2025-11-24 09:00:00,86308.54,85944.91,TREND_REVERSAL,-0.4213140437782752,2025-11-23 03:00:00,2025,BEAR,25.4621888123697,25-30,711.67092007641,0.6503184827307702,<0.80,86308.54,90541.27903859376,94426.4459024039
SELL,2025-12-15 15:00:00,2025-12-15 16:00:00,88050.0,86450.75580981403,TAKE_PROFIT,1.8162909598932095,2025-12-15 14:00:00,2025,BEAR,29.30278807763269,25-30,533.0813967286585,1.470130326306311,1.20+,88050.01,90415.92191797365,90976.68230996246
BUY,2025-12-18 14:00:00,2025-12-18 14:00:00,88851.7,87876.4356524402,STOP,-1.0976316126307113,2025-12-18 13:00:00,2025,NEUTRAL,26.0109705913967,25-30,650.1762317065377,0.9184142677372049,0.80-1.00,88851.7,88599.8318688357,89626.68452666611
SELL,2026-01-15 21:00:00,2026-01-19 00:00:00,95260.68,93226.04835059232,TAKE_PROFIT,2.135856734811965,2026-01-15 20:00:00,2026,BULL,26.369780757506035,25-30,678.2105498025606,1.0804631196264454,1.00-1.20,95260.67,93116.45555652874,91181.43229471608
SELL,2026-01-25 07:00:00,2026-01-25 08:00:00,88831.36,88158.43318754145,TAKE_PROFIT,0.7575329393342065,2026-01-25 06:00:00,2026,BEAR,30.842444456108687,30-35,224.30893748618283,0.5702275049268261,<0.80,88831.36,90839.9738764735,91740.55660348234
SELL,2026-02-03 17:00:00,2026-02-03 18:00:00,76488.08,74040.26334079498,TAKE_PROFIT,3.2002589935647823,2026-02-03 16:00:00,2026,BEAR,26.13786429073533,25-30,815.9388864016735,0.9041306066126189,0.80-1.00,76488.08,82372.41432053386,85288.58376666685
SELL,2026-02-23 18:00:00,2026-02-24 04:00:00,64813.27,63121.04853903757,TAKE_PROFIT,2.610918197712333,2026-02-23 17:00:00,2026,BEAR,32.565004278217636,30-35,564.07382032081,1.5986078468516385,1.20+,64813.26,67655.08432485392,68110.7109369108
SELL,2026-03-08 23:00:00,2026-03-09 03:00:00,66236.8,67021.14325924982,STOP,-1.1841502899442813,2026-03-08 22:00:00,2026,BEAR,36.06246913956189,35-40,522.8955061665409,1.2192768456074001,1.20+,66236.8,68371.73771921906,68942.25386183402
BUY,2026-04-04 16:00:00,2026-04-05 01:00:00,67383.66,67087.94090827965,STOP,-0.4388587555504631,2026-04-04 15:00:00,2026,BEAR,25.422669436909526,25-30,197.14606114690773,0.5825015360826813,<0.80,67383.66,67529.20374998718,67925.93049694218
SELL,2026-04-05 07:00:00,2026-04-05 10:00:00,66802.24,67086.65160388954,STOP,-0.425751597385851,2026-04-05 06:00:00,2026,BEAR,26.51712871468841,25-30,189.60773592635124,0.7422625238278041,<0.80,66802.24,67483.16086922935,67771.63228107586
BUY,2026-04-05 18:00:00,2026-04-05 22:00:00,67373.64,68105.23125981537,TAKE_PROFIT,1.085871655168648,2026-04-05 17:00:00,2026,BEAR,25.01002950620522,25-30,243.86375327178916,1.12832894005265,1.00-1.20,67373.64,67436.26772849986,67675.32412771179
BUY,2026-04-13 15:00:00,2026-04-13 15:00:00,72400.15,71791.36854415474,STOP,-0.8408566223208819,2026-04-13 14:00:00,2026,BULL,30.00527292374807,30-35,405.85430389683233,1.178893295184222,1.00-1.20,72400.15,70856.5389315261,70384.71089234407
BUY,2026-05-05 03:00:00,2026-05-06 10:00:00,80554.69,82094.59397240738,TAKE_PROFIT,1.9116254713504337,2026-05-05 02:00:00,2026,BULL,25.955118230821242,25-30,513.301324135796,1.3563429459836387,1.20+,80554.68,78085.75526879716,77268.515760026
SELL,2026-05-12 14:00:00,2026-05-13 01:00:00,80466.91,80997.13867275232,STOP,-0.6589400198818582,2026-05-12 13:00:00,2026,BULL,29.297708898137813,25-30,353.4857818348774,0.9673964895340255,0.80-1.00,80466.91,80434.36404595256,79935.93113340679
BUY,2026-06-14 22:00:00,2026-06-15 11:00:00,65311.59,66301.86763833559,TAKE_PROFIT,1.516235691606338,2026-06-14 21:00:00,2026,BULL,28.701388156242597,25-30,330.0925461118671,1.2392561024540043,1.20+,65311.59,63876.18823351267,63716.0085286797
SELL,2026-06-30 13:00:00,2026-06-30 14:00:00,58411.99,58980.057347981936,STOP,-0.9725183955929904,2026-06-30 12:00:00,2026,BEAR,28.596981576637756,25-30,378.71156532128987,0.9149463183234923,0.80-1.00,58412.0,60893.45733548931,61610.71584106642
