side,entry_time,exit_time,entry_price,exit_price,reason,pnl_pct,entry_year
SELL,2022-08-26 12:00:00,2022-08-26 12:00:00,21191.27,21382.418096942612,STOP,-0.9020134090246221,2022
SELL,2022-08-26 15:00:00,2022-08-26 16:00:00,21159.93,20556.671746368138,TAKE_PROFIT,2.850946357723595,2022
SELL,2022-08-30 15:00:00,2022-08-30 19:00:00,19832.33,20095.274843928906,STOP,-1.3258393942058468,2022
SELL,2022-09-06 18:00:00,2022-09-07 02:00:00,19102.3,18511.889484284613,TAKE_PROFIT,3.0907823440914775,2022
SELL,2022-09-18 17:00:00,2022-09-19 02:00:00,19744.94,19334.828152886912,TAKE_PROFIT,2.0770478264967465,2022
BUY,2022-09-21 18:00:00,2022-09-21 18:00:00,19867.91,19537.99182290517,STOP,-1.6605580410563103,2022
BUY,2022-09-26 09:00:00,2022-09-26 11:00:00,19273.55,19030.04291573762,STOP,-1.2634262201949256,2022
SELL,2022-09-27 17:00:00,2022-09-28 14:00:00,19110.79,19382.25,TREND_REVERSAL,-1.420454099490388,2022
BUY,2022-09-28 15:00:00,2022-09-29 13:00:00,19382.25,19015.562275073655,STOP,-1.8918738790715488,2022
SELL,2022-10-14 17:00:00,2022-10-16 19:00:00,19303.26,19375.39,TREND_REVERSAL,-0.3736674530623378,2022
BUY,2022-10-16 20:00:00,2022-10-16 20:00:00,19375.39,19277.0114404714,STOP,-0.5077500867265072,2022
SELL,2022-10-18 19:00:00,2022-10-18 20:00:00,19220.87,19402.765437083046,STOP,-0.9463434125668974,2022
BUY,2022-10-28 17:00:00,2022-10-31 00:00:00,20703.85,20542.43,TREND_REVERSAL,-0.7796617537317855,2022
SELL,2022-11-08 19:00:00,2022-11-08 19:00:00,18600.51,17413.46296785158,TAKE_PROFIT,6.381798306328252,2022
SELL,2022-11-16 16:00:00,2022-11-16 22:00:00,16431.7,16671.85015224862,STOP,-1.46150521399866,2022
BUY,2022-12-04 18:00:00,2022-12-05 00:00:00,17052.21,17236.43404005166,TAKE_PROFIT,1.080352869520492,2022
SELL,2022-12-25 21:00:00,2022-12-25 21:00:00,16769.01,16821.822943062947,STOP,-0.3149437150013553,2022
BUY,2022-12-26 03:00:00,2022-12-26 08:00:00,16889.77,16832.738491662338,STOP,-0.3376689459812814,2022
SELL,2022-12-27 15:00:00,2022-12-27 15:00:00,16771.85,16837.923997560596,STOP,-0.39395771820399955,2022
SELL,2023-01-03 17:00:00,2023-01-04 01:00:00,16621.93,16695.650573430074,STOP,-0.4435139206462383,2023
BUY,2023-01-04 04:00:00,2023-01-04 15:00:00,16862.61,16785.529986257436,STOP,-0.457106069241742,2023
BUY,2023-01-19 20:00:00,2023-01-20 07:00:00,21092.1,20873.82779624138,STOP,-1.0348528774214862,2023
BUY,2023-01-25 22:00:00,2023-01-25 22:00:00,23592.56,23272.943559803392,STOP,-1.3547340356307618,2023
SELL,2023-02-08 16:00:00,2023-02-09 03:00:00,22871.28,22526.458362688976,TAKE_PROFIT,1.507662174180993,2023
SELL,2023-02-13 02:00:00,2023-02-13 07:00:00,21709.1,21885.867166700336,STOP,-0.8142537769890869,2023
BUY,2023-02-17 20:00:00,2023-02-17 22:00:00,24524.49,24115.77926950047,STOP,-1.6665412022820185,2023
BUY,2023-02-23 03:00:00,2023-02-23 10:00:00,24531.61,24218.788787313202,STOP,-1.275176038942403,2023
SELL,2023-02-23 12:00:00,2023-02-23 13:00:00,23780.21,24091.7106773237,STOP,-1.3099155866314893,2023
SELL,2023-03-07 17:00:00,2023-03-08 05:00:00,22238.77,21880.583896529537,TAKE_PROFIT,1.6106381039529767,2023
BUY,2023-03-17 02:00:00,2023-03-17 10:00:00,25663.78,26583.351992309756,TAKE_PROFIT,3.583151010138634,2023
BUY,2023-03-23 16:00:00,2023-03-23 18:00:00,28580.86,28102.15149047198,STOP,-1.6749268899816867,2023
BUY,2023-03-26 13:00:00,2023-03-26 16:00:00,27919.73,27687.235877586976,STOP,-0.8327233909963436,2023
BUY,2023-03-28 20:00:00,2023-03-29 07:00:00,27425.98,28162.879062860404,TAKE_PROFIT,2.6868650194465404,2023
BUY,2023-03-31 15:00:00,2023-04-02 13:00:00,28521.78,28136.145364787528,STOP,-1.352070716527759,2023
BUY,2023-04-03 09:00:00,2023-04-03 14:00:00,28335.0,28044.813970829808,STOP,-1.024125742615819,2023
SELL,2023-04-03 21:00:00,2023-04-03 22:00:00,27582.77,27937.4862737124,STOP,-1.2860067125687453,2023
SELL,2023-04-05 16:00:00,2023-04-09 19:00:00,28031.09,28140.4,TREND_REVERSAL,-0.3899598624241915,2023
BUY,2023-04-09 20:00:00,2023-04-09 21:00:00,28140.41,28412.037284033122,TAKE_PROFIT,0.9652570237360513,2023
BUY,2023-04-18 08:00:00,2023-04-18 11:00:00,29775.61,30191.104314471486,TAKE_PROFIT,1.395418312073154,2023
SELL,2023-04-19 09:00:00,2023-04-20 12:00:00,29168.47,28479.086017214948,TAKE_PROFIT,2.363456097577464,2023
SELL,2023-04-26 20:00:00,2023-04-26 21:00:00,27884.25,28456.772434893606,STOP,-2.053210808587666,2023
BUY,2023-04-27 19:00:00,2023-04-28 08:00:00,29772.12,29199.27139361994,STOP,-1.9241109010042254,2023
SELL,2023-05-10 18:00:00,2023-05-10 20:00:00,27498.73,27883.11746027232,STOP,-1.397837137468963,2023
SELL,2023-05-16 02:00:00,2023-05-16 08:00:00,27024.64,27272.213952938517,STOP,-0.9161045362251535,2023
SELL,2023-05-18 18:00:00,2023-05-18 19:00:00,26489.0,26785.88903453984,STOP,-1.120801217636904,2023
BUY,2023-05-20 18:00:00,2023-05-20 19:00:00,27139.46,27020.839093817227,STOP,-0.437079095099063,2023
SELL,2023-05-21 12:00:00,2023-05-21 14:00:00,26829.93,26960.625779466343,STOP,-0.48712680005629194,2023
SELL,2023-05-24 04:00:00,2023-05-24 13:00:00,26786.01,26409.056155563267,TAKE_PROFIT,1.4072788162056677,2023
BUY,2023-06-02 09:00:00,2023-06-02 13:00:00,27166.13,26950.678843560218,STOP,-0.7930874086216311,2023
SELL,2023-06-07 10:00:00,2023-06-07 11:00:00,26486.28,26789.49934997271,STOP,-1.1448166747943123,2023
SELL,2023-06-13 16:00:00,2023-06-14 00:00:00,25759.54,26001.25935050539,STOP,-0.9383682725133577,2023
BUY,2023-06-29 11:00:00,2023-06-29 14:00:00,30697.12,30453.412004777394,STOP,-0.7939115956891232,2023
BUY,2023-07-06 07:00:00,2023-07-06 08:00:00,30692.57,31081.23039241936,TAKE_PROFIT,1.2663012332279724,2023
SELL,2023-07-10 22:00:00,2023-07-11 01:00:00,30302.22,30572.293657272046,STOP,-0.8912669014746947,2023
SELL,2023-07-20 15:00:00,2023-07-21 18:00:00,29782.2,30023.529700698822,STOP,-0.8103152241903601,2023
SELL,2023-07-27 19:00:00,2023-07-28 00:00:00,29141.38,29295.386903650826,STOP,-0.5284818483229855,2023
BUY,2023-07-31 01:00:00,2023-07-31 13:00:00,29461.55,29320.042872163267,STOP,-0.48031121185658004,2023
SELL,2023-08-02 15:00:00,2023-08-04 20:00:00,29275.13,28867.81047606922,TAKE_PROFIT,1.3913500091401216,2023
BUY,2023-08-13 19:00:00,2023-08-13 21:00:00,29422.13,29380.073581110064,STOP,-0.14294144880039972,2023
SELL,2023-08-13 23:00:00,2023-08-14 01:00:00,29319.42,29208.79424537091,TAKE_PROFIT,0.3773122204637308,2023
BUY,2023-08-14 04:00:00,2023-08-14 14:00:00,29399.91,29587.514881975323,TAKE_PROFIT,0.6381137968630626,2023
SELL,2023-08-14 19:00:00,2023-08-15 15:00:00,29330.01,29476.962393021287,STOP,-0.5010308316338421,2023
SELL,2023-08-24 15:00:00,2023-08-27 14:00:00,26116.06,26145.28,TREND_REVERSAL,-0.11188517716683728,2023
SELL,2023-09-04 22:00:00,2023-09-04 23:00:00,25677.72,25822.35491676762,STOP,-0.5632700908321294,2023
SELL,2023-09-08 11:00:00,2023-09-10 21:00:00,25831.21,25902.81,TREND_REVERSAL,-0.2771840730651107,2023
SELL,2023-09-11 12:00:00,2023-09-11 13:00:00,25601.27,25750.24969929808,STOP,-0.5819230815427554,2023
BUY,2023-09-15 23:00:00,2023-09-16 00:00:00,26776.32,26580.65181443155,STOP,-0.7307508483930989,2023
SELL,2023-09-27 15:00:00,2023-09-28 00:00:00,26192.91,26406.32540600821,STOP,-0.81478310736841,2023
BUY,2023-09-28 15:00:00,2023-09-28 16:00:00,26793.36,27191.194093216065,TAKE_PROFIT,1.4848234533334548,2023
BUY,2023-10-05 00:00:00,2023-10-05 07:00:00,27778.57,27574.59798118367,STOP,-0.7342783261209274,2023
BUY,2023-10-29 13:00:00,2023-10-30 02:00:00,34420.0,34243.87025830582,STOP,-0.5117075586699058,2023
BUY,2023-11-07 19:00:00,2023-11-08 23:00:00,35377.0,35997.69774638946,TAKE_PROFIT,1.754523408964746,2023
BUY,2023-11-10 17:00:00,2023-11-11 02:00:00,37377.47,36904.738036662675,STOP,-1.2647511009635652,2023
BUY,2023-11-15 16:00:00,2023-11-15 18:00:00,36402.43,37122.064819613784,TAKE_PROFIT,1.9768867617183363,2023
SELL,2023-11-21 15:00:00,2023-11-21 15:00:00,36635.97,36966.7440229607,STOP,-0.9028668354098462,2023
BUY,2023-11-22 19:00:00,2023-11-24 15:00:00,37197.99,38083.194416634906,TAKE_PROFIT,2.3797103462711506,2023
BUY,2023-11-28 16:00:00,2023-11-28 17:00:00,37513.2,38066.91654456638,TAKE_PROFIT,1.476057879803336,2023
BUY,2023-12-08 15:00:00,2023-12-10 09:00:00,43962.99,43606.8,TREND_REVERSAL,-0.8102042195037122,2023
SELL,2023-12-19 18:00:00,2023-12-19 19:00:00,41854.07,42367.87619459289,STOP,-1.2276134545407245,2023
BUY,2023-12-20 14:00:00,2023-12-20 20:00:00,43769.44,43291.68978253855,STOP,-1.091515489943324,2023
BUY,2023-12-25 15:00:00,2023-12-25 19:00:00,43674.1,43347.10844997007,STOP,-0.7487081589086716,2023
SELL,2023-12-26 06:00:00,2023-12-26 16:00:00,42764.85,42083.301390327746,TAKE_PROFIT,1.5937121483467205,2023
BUY,2023-12-27 11:00:00,2023-12-27 12:00:00,43195.56,42820.340064511896,STOP,-0.8686539438037181,2023
SELL,2023-12-28 15:00:00,2023-12-29 14:00:00,42664.0,43065.38851972879,STOP,-0.9408131439358455,2023
BUY,2024-01-04 21:00:00,2024-01-05 01:00:00,44113.68,43438.52700898674,STOP,-1.5304844007873737,2024
BUY,2024-01-10 23:00:00,2024-01-11 06:00:00,46902.69,45731.68696312631,STOP,-2.496664982059007,2024
SELL,2024-01-18 17:00:00,2024-01-18 19:00:00,41948.99,41138.325729865675,TAKE_PROFIT,1.932500091502376,2024
BUY,2024-01-31 16:00:00,2024-01-31 20:00:00,43361.11,42891.52835830718,STOP,-1.0829557677209394,2024
BUY,2024-02-01 18:00:00,2024-02-04 06:00:00,42923.99,42746.13,TREND_REVERSAL,-0.41436036118730013,2024
BUY,2024-02-05 11:00:00,2024-02-05 15:00:00,43143.35,42839.73340595981,STOP,-0.7037390328757307,2024
SELL,2024-02-05 16:00:00,2024-02-06 08:00:00,42644.04,43009.017796204644,STOP,-0.8558705887262155,2024
BUY,2024-02-17 22:00:00,2024-02-18 02:00:00,51803.8,51350.99238963148,STOP,-0.8740818441282753,2024
BUY,2024-02-20 14:00:00,2024-02-20 14:00:00,52840.14,52379.342098157795,STOP,-0.8720603348935199,2024
SELL,2024-02-26 10:00:00,2024-02-26 10:00:00,50950.0,51233.27044181548,STOP,-0.5559773146525665,2024
BUY,2024-02-26 15:00:00,2024-02-26 15:00:00,51687.03,52363.87833727389,TAKE_PROFIT,1.3095129228239502,2024
BUY,2024-03-06 12:00:00,2024-03-06 12:00:00,67301.31,65421.01047880365,STOP,-2.793852781166295,2024
BUY,2024-03-11 08:00:00,2024-03-12 14:00:00,71019.99,72959.03550256033,TAKE_PROFIT,2.7302812948302715,2024
BUY,2024-03-13 08:00:00,2024-03-13 13:00:00,72855.15,71913.70076816331,STOP,-1.2922205662011306,2024
BUY,2024-03-28 15:00:00,2024-03-28 16:00:00,71537.97,70631.92121495547,STOP,-1.2665285093280327,2024
SELL,2024-04-01 06:00:00,2024-04-01 07:00:00,69167.47,69753.28589176331,STOP,-0.8469528981807658,2024
SELL,2024-04-05 06:00:00,2024-04-05 14:00:00,66888.03,67914.20622020357,STOP,-1.5341701948817676,2024
BUY,2024-04-06 23:00:00,2024-04-07 16:00:00,69056.0,70181.83701742679,TAKE_PROFIT,1.6303246892765164,2024
BUY,2024-04-10 20:00:00,2024-04-12 14:00:00,70084.0,69270.01,TREND_REVERSAL,-1.1614491182010234,2024
SELL,2024-04-19 02:00:00,2024-04-19 04:00:00,61021.99,62208.83871540692,STOP,-1.9449524923833565,2024
SELL,2024-04-29 03:00:00,2024-04-29 22:00:00,62706.34,63227.919665239155,STOP,-0.8317813880369325,2024
SELL,2024-04-30 09:00:00,2024-04-30 16:00:00,61919.32,60241.038100818885,TAKE_PROFIT,2.710433349689749,2024
SELL,2024-05-10 15:00:00,2024-05-12 16:00:00,61063.87,61885.99694069488,STOP,-1.3463393995416235,2024
SELL,2024-05-14 10:00:00,2024-05-15 09:00:00,61797.84,62396.876019635456,STOP,-0.9693478277484449,2024
BUY,2024-05-15 13:00:00,2024-05-15 18:00:00,63757.57,65278.84897950812,TAKE_PROFIT,2.386036637701404,2024
BUY,2024-05-17 15:00:00,2024-05-19 18:00:00,66806.67,66586.21,TREND_REVERSAL,-0.3299969898215131,2024
BUY,2024-05-24 18:00:00,2024-05-26 21:00:00,68919.02,68518.02,TREND_REVERSAL,-0.581842283886219,2024
BUY,2024-06-09 13:00:00,2024-06-09 13:00:00,69712.96,69484.69696759262,STOP,-0.32743270750142217,2024
SELL,2024-06-11 02:00:00,2024-06-11 04:00:00,68724.0,67789.26443692498,TAKE_PROFIT,1.360129740811106,2024
BUY,2024-06-12 13:00:00,2024-06-12 18:00:00,69339.29,68661.7415198443,STOP,-0.9771494345495731,2024
SELL,2024-06-12 20:00:00,2024-06-12 21:00:00,67532.92,68473.29290258014,STOP,-1.3924659300680973,2024
SELL,2024-06-17 07:00:00,2024-06-17 13:00:00,66132.4,65410.156919243775,TAKE_PROFIT,1.0921168455344425,2024
SELL,2024-06-18 02:00:00,2024-06-20 07:00:00,65133.99,65948.57267812587,STOP,-1.2506260987939983,2024
SELL,2024-06-20 14:00:00,2024-06-21 08:00:00,65142.65,63995.83085436545,TAKE_PROFIT,1.7604735847168516,2024
SELL,2024-06-28 18:00:00,2024-06-30 07:00:00,60826.63,61405.176163097654,STOP,-0.9511395964196225,2024
SELL,2024-07-02 15:00:00,2024-07-03 03:00:00,62035.43,60987.357509120266,TAKE_PROFIT,1.6894740487488114,2024
SELL,2024-07-07 14:00:00,2024-07-08 00:00:00,56872.01,55678.28944364562,TAKE_PROFIT,2.0989596751624973,2024
BUY,2024-07-16 16:00:00,2024-07-17 16:00:00,64878.24,63873.83002110178,STOP,-1.5481461563973071,2024
BUY,2024-07-19 14:00:00,2024-07-19 17:00:00,65135.89,66584.8105213455,TAKE_PROFIT,2.2244580082432264,2024
BUY,2024-07-25 22:00:00,2024-07-26 13:00:00,65838.01,67570.72329129346,TAKE_PROFIT,2.6317825998894278,2024
BUY,2024-07-29 03:00:00,2024-07-29 14:00:00,69558.99,68893.02638792704,STOP,-0.957408398357955,2024
SELL,2024-08-02 15:00:00,2024-08-03 00:00:00,63157.95,61017.28374406846,TAKE_PROFIT,3.3893852728461535,2024
BUY,2024-08-12 15:00:00,2024-08-12 18:00:00,60299.99,59016.52152382457,STOP,-2.128472121098901,2024
SELL,2024-08-14 14:00:00,2024-08-15 06:00:00,59611.93,57875.70513092563,TAKE_PROFIT,2.9125459770793745,2024
SELL,2024-08-15 19:00:00,2024-08-15 20:00:00,57872.82,56093.244287192545,TAKE_PROFIT,3.074976669198865,2024
SELL,2024-08-19 00:00:00,2024-08-19 13:00:00,58427.35,58966.84757873425,STOP,-0.9233647918898398,2024
BUY,2024-08-19 23:00:00,2024-08-20 00:00:00,59240.99,60444.353795669216,TAKE_PROFIT,2.031302643101032,2024
SELL,2024-08-29 19:00:00,2024-09-01 14:00:00,59161.01,57469.30257463127,TAKE_PROFIT,2.8594972015669295,2024
SELL,2024-09-03 14:00:00,2024-09-04 00:00:00,58398.99,57237.585041214166,TAKE_PROFIT,1.988741515539621,2024
SELL,2024-09-05 10:00:00,2024-09-06 07:00:00,56797.0,55525.20565053281,TAKE_PROFIT,2.239192826147847,2024
SELL,2024-09-11 06:00:00,2024-09-11 13:00:00,56244.0,56942.55089817833,STOP,-1.2420007435074458,2024
BUY,2024-09-11 18:00:00,2024-09-13 15:00:00,57694.0,59451.30377685767,TAKE_PROFIT,3.045903866706536,2024
BUY,2024-09-17 11:00:00,2024-09-17 14:00:00,59235.99,60341.713735960286,TAKE_PROFIT,1.8666417763259933,2024
SELL,2024-10-07 23:00:00,2024-10-09 19:00:00,62471.08,60980.96830668849,TAKE_PROFIT,2.385282427183125,2024
BUY,2024-10-24 01:00:00,2024-10-24 09:00:00,67432.0,66760.27264518867,STOP,-0.9961551708555729,2024
BUY,2024-11-01 14:00:00,2024-11-01 15:00:00,71200.43,70447.34193612324,STOP,-1.0577015670786762,2024
SELL,2024-11-01 16:00:00,2024-11-01 16:00:00,69387.78,70356.93667242434,STOP,-1.3967252914336585,2024
SELL,2024-11-04 17:00:00,2024-11-05 04:00:00,67756.0,68499.59559295152,STOP,-1.097460878669813,2024
BUY,2024-11-25 06:00:00,2024-11-25 14:00:00,98082.69,97156.56804497387,STOP,-0.9442256885757623,2024
BUY,2024-11-27 16:00:00,2024-11-29 14:00:00,95556.0,98007.19560100485,TAKE_PROFIT,2.565192767596849,2024
BUY,2024-12-02 16:00:00,2024-12-02 17:00:00,97048.01,95951.41531067975,STOP,-1.1299507216276243,2024
BUY,2024-12-06 18:00:00,2024-12-06 23:00:00,100844.06,99058.10119909719,STOP,-1.771010410432512,2024
SELL,2024-12-26 09:00:00,2024-12-27 09:00:00,95878.56,97020.34941793169,STOP,-1.1908704281037321,2024
SELL,2024-12-30 22:00:00,2024-12-31 08:00:00,92076.0,93374.42271973641,STOP,-1.4101641250015302,2024
BUY,2024-12-31 14:00:00,2024-12-31 17:00:00,95587.12,94476.14958333992,STOP,-1.1622595352387137,2024
BUY,2025-01-20 07:00:00,2025-01-20 15:00:00,107482.36,104892.25893464031,STOP,-2.409791769886416,2025
BUY,2025-01-21 19:00:00,2025-01-22 13:00:00,106861.18,104595.33185705735,STOP,-2.1203660140592184,2025
BUY,2025-01-23 15:00:00,2025-01-23 15:00:00,105213.6,103597.11736719804,STOP,-1.5363818297273069,2025
SELL,2025-01-28 22:00:00,2025-01-29 00:00:00,100334.0,101718.76418259069,STOP,-1.3801544666720058,2025
SELL,2025-02-13 17:00:00,2025-02-13 19:00:00,95359.22,96343.92728832457,STOP,-1.03262934441428,2025
SELL,2025-02-21 18:00:00,2025-02-21 20:00:00,96971.91,94941.86207927512,TAKE_PROFIT,2.0934391420411194,2025
SELL,2025-03-10 17:00:00,2025-03-11 08:00:00,79009.01,80865.2492545847,STOP,-2.349401991728172,2025
SELL,2025-03-16 12:00:00,2025-03-16 13:00:00,82410.01,82997.18576066938,STOP,-0.7125053869904717,2025
BUY,2025-03-19 10:00:00,2025-03-19 18:00:00,83527.38,84906.85577634655,TAKE_PROFIT,1.6515252559658231,2025
SELL,2025-03-20 17:00:00,2025-03-23 10:00:00,83802.01,84461.98,TREND_REVERSAL,-0.7875348097259257,2025
BUY,2025-03-25 20:00:00,2025-03-25 22:00:00,88116.23,87326.64608625745,STOP,-0.8960709210352623,2025
SELL,2025-04-02 23:00:00,2025-04-04 08:00:00,82821.6,84348.8333427459,STOP,-1.8440036690258268,2025
SELL,2025-04-08 19:00:00,2025-04-09 17:00:00,77259.91,78714.59166918077,STOP,-1.8828415269714418,2025
BUY,2025-04-09 18:00:00,2025-04-10 15:00:00,82202.16,80302.07152596262,STOP,-2.3114824160793193,2025
SELL,2025-04-10 16:00:00,2025-04-11 01:00:00,78757.24,80244.65093017033,STOP,-1.8886021528564592,2025
BUY,2025-04-15 08:00:00,2025-04-15 14:00:00,85716.77,84860.91726646866,STOP,-0.9984659169160726,2025
BUY,2025-04-16 17:00:00,2025-04-16 17:00:00,85048.54,84197.5274422917,STOP,-1.0006198315788777,2025
BUY,2025-04-20 21:00:00,2025-04-20 22:00:00,85127.58,84700.28645890982,STOP,-0.5019448938759736,2025
BUY,2025-05-15 17:00:00,2025-05-15 18:00:00,103846.28,102842.88624695827,STOP,-0.9662298476572598,2025
BUY,2025-05-18 23:00:00,2025-05-19 01:00:00,105928.11,104915.4968068214,STOP,-0.9559437935582988,2025
BUY,2025-05-25 23:00:00,2025-05-27 01:00:00,109165.99,108242.5145381004,STOP,-0.8459369643417409,2025
BUY,2025-05-29 12:00:00,2025-05-29 13:00:00,108779.83,108007.026698148,STOP,-0.7104288560223042,2025
SELL,2025-05-29 16:00:00,2025-05-30 00:00:00,107019.9,105145.6784905146,TAKE_PROFIT,1.7512831814320413,2025
SELL,2025-06-20 15:00:00,2025-06-21 19:00:00,103940.01,102295.04504368975,TAKE_PROFIT,1.5826099654120134,2025
BUY,2025-06-30 00:00:00,2025-06-30 06:00:00,108356.93,107870.96862249913,STOP,-0.4484820467882045,2025
BUY,2025-07-02 07:00:00,2025-07-02 15:00:00,107014.39,108307.11448673201,TAKE_PROFIT,1.2079912680266751,2025
BUY,2025-07-08 13:00:00,2025-07-08 14:00:00,108949.19,108439.17266571245,STOP,-0.46812402578445017,2025
BUY,2025-07-21 07:00:00,2025-07-21 10:00:00,119169.26,118370.4022854216,STOP,-0.6703555216994659,2025
BUY,2025-07-22 13:00:00,2025-07-22 13:00:00,119293.7,118259.33089905277,STOP,-0.8670777257702831,2025
SELL,2025-07-23 14:00:00,2025-07-23 15:00:00,117381.44,118293.4704943309,STOP,-0.7769801548957842,2025
SELL,2025-07-28 15:00:00,2025-07-29 03:00:00,117985.94,118661.39346424269,STOP,-0.5724864032465969,2025
SELL,2025-08-05 08:00:00,2025-08-05 09:00:00,113969.7,114569.56383713226,STOP,-0.5263362429946375,2025
BUY,2025-08-10 04:00:00,2025-08-10 06:00:00,118500.0,117883.76474061482,STOP,-0.5200297547554287,2025
BUY,2025-08-12 21:00:00,2025-08-13 02:00:00,120192.09,119220.02741952529,STOP,-0.8087575317766007,2025
BUY,2025-08-17 09:00:00,2025-08-17 16:00:00,118366.05,117918.80381464135,STOP,-0.37785005528076454,2025
SELL,2025-08-17 19:00:00,2025-08-18 01:00:00,117542.01,116562.88339243463,TAKE_PROFIT,0.8330014158898332,2025
SELL,2025-08-19 04:00:00,2025-08-19 13:00:00,114810.01,115718.3817757361,STOP,-0.7911956246115657,2025
SELL,2025-08-21 17:00:00,2025-08-22 02:00:00,112379.58,113256.84440924591,STOP,-0.7806261682468546,2025
BUY,2025-08-22 15:00:00,2025-08-23 13:00:00,115808.24,114864.92,TREND_REVERSAL,-0.8145534376483115,2025
SELL,2025-08-23 14:00:00,2025-08-24 02:00:00,114864.92,115591.35876972736,STOP,-0.6324287430203784,2025
BUY,2025-09-04 23:00:00,2025-09-04 23:00:00,111490.74,110683.35381939994,STOP,-0.7241733085636206,2025
SELL,2025-09-05 15:00:00,2025-09-05 20:00:00,110569.99,111644.85883389217,STOP,-0.972116244102187,2025
BUY,2025-09-09 07:00:00,2025-09-09 14:00:00,113022.62,112339.8365765289,STOP,-0.6041121887557463,2025
SELL,2025-09-09 16:00:00,2025-09-09 21:00:00,110880.76,111692.51730095659,STOP,-0.7320993299077286,2025
SELL,2025-09-25 05:00:00,2025-09-25 17:00:00,111735.67,110151.74820931828,TAKE_PROFIT,1.4175614561417327,2025
BUY,2025-09-30 20:00:00,2025-10-01 08:00:00,114359.99,115897.04123029942,TAKE_PROFIT,1.344046314011935,2025
BUY,2025-10-08 18:00:00,2025-10-08 20:00:00,124033.19,122828.14228029056,STOP,-0.9715526301544323,2025
BUY,2025-10-09 13:00:00,2025-10-09 13:00:00,123563.38,122571.48197509564,STOP,-0.8027443283797894,2025
SELL,2025-10-14 05:00:00,2025-10-14 10:00:00,113062.09,110897.55671098272,TAKE_PROFIT,1.9144642461653347,2025
SELL,2025-10-21 04:00:00,2025-10-21 14:00:00,109059.23,110026.19669718969,STOP,-0.8866436130070743,2025
BUY,2025-10-21 15:00:00,2025-10-21 20:00:00,112170.52,110752.41068158901,STOP,-1.264244222466823,2025
SELL,2025-10-21 23:00:00,2025-10-23 06:00:00,109066.98,110246.94,TREND_REVERSAL,-1.0818673075939267,2025
SELL,2025-11-06 17:00:00,2025-11-06 18:00:00,100867.19,102264.55231545451,STOP,-1.385348709976461,2025
SELL,2025-11-11 14:00:00,2025-11-12 10:00:00,104390.93,104899.99,TREND_REVERSAL,-0.48764772954892943,2025
BUY,2025-11-12 11:00:00,2025-11-12 14:00:00,104900.0,103970.2897357854,STOP,-0.8862824253714067,2025
SELL,2025-11-12 16:00:00,2025-11-13 05:00:00,102173.51,103340.87243430199,STOP,-1.142529442613835,2025
SELL,2025-11-13 17:00:00,2025-11-14 04:00:00,100633.13,97876.89731608628,TAKE_PROFIT,2.7388919373905236,2025
SELL,2025-11-19 06:00:00,2025-11-19 07:00:00,90459.99,91772.54131152367,STOP,-1.4509744158977556,2025
SELL,2025-11-24 10:00:00,2025-11-24 16:00:00,85944.91,87108.94578631797,STOP,-1.3543975859861472,2025
SELL,2025-12-12 16:00:00,2025-12-14 23:00:00,89935.13,87750.70718982165,TAKE_PROFIT,2.428887143631584,2025
SELL,2025-12-15 15:00:00,2025-12-15 16:00:00,88050.0,86450.75580981403,TAKE_PROFIT,1.8162909598932095,2025
SELL,2025-12-17 19:00:00,2025-12-18 09:00:00,85829.25,87287.85240059206,STOP,-1.6994234489897821,2025
BUY,2025-12-18 14:00:00,2025-12-18 14:00:00,88851.7,87876.4356524402,STOP,-1.0976316126307113,2025
SELL,2025-12-18 19:00:00,2025-12-19 03:00:00,85970.0,87343.58411374078,STOP,-1.5977481839488008,2025
SELL,2025-12-21 14:00:00,2025-12-21 15:00:00,87670.1,88203.46418585877,STOP,-0.6083763858587652,2025
SELL,2025-12-22 20:00:00,2025-12-23 00:00:00,88052.42,88931.89646227781,STOP,-0.998810097755197,2025
BUY,2025-12-26 03:00:00,2025-12-26 07:00:00,89200.0,88464.09603823631,STOP,-0.8250044414391122,2025
BUY,2025-12-29 01:00:00,2025-12-29 01:00:00,88295.68,87920.77138628442,STOP,-0.42460583996359536,2025
BUY,2025-12-30 15:00:00,2025-12-30 15:00:00,88875.82,88241.28978671036,STOP,-0.7139514586640626,2025
SELL,2025-12-31 16:00:00,2026-01-01 19:00:00,87953.97,88391.15,TREND_REVERSAL,-0.49705544843512234,2025
BUY,2026-01-09 17:00:00,2026-01-09 18:00:00,91623.89,90703.44070736616,STOP,-1.0045953000181966,2026
SELL,2026-01-12 09:00:00,2026-01-12 15:00:00,90752.28,91455.93509935416,STOP,-0.7753580398797258,2026
BUY,2026-01-12 17:00:00,2026-01-12 17:00:00,92123.51,91342.41890532257,STOP,-0.8478737888704239,2026
SELL,2026-01-21 17:00:00,2026-01-21 19:00:00,87602.39,88764.99663699212,STOP,-1.3271403177380403,2026
SELL,2026-01-25 07:00:00,2026-01-25 08:00:00,88831.36,88158.43318754145,TAKE_PROFIT,0.7575329393342065,2026
SELL,2026-02-03 17:00:00,2026-02-03 18:00:00,76488.08,74040.26334079498,TAKE_PROFIT,3.2002589935647823,2026
SELL,2026-02-09 11:00:00,2026-02-09 16:00:00,68727.88,69895.19756669471,STOP,-1.6984629333753731,2026
SELL,2026-02-15 14:00:00,2026-02-16 12:00:00,68930.0,69732.86077574537,STOP,-1.1647479700353576,2026
SELL,2026-02-23 18:00:00,2026-02-24 04:00:00,64813.27,63121.04853903757,TAKE_PROFIT,2.610918197712333,2026
SELL,2026-02-26 17:00:00,2026-02-26 19:00:00,66643.56,67650.39693059746,STOP,-1.510779031908654,2026
SELL,2026-03-03 10:00:00,2026-03-03 12:00:00,66647.98,67719.3300914738,STOP,-1.6074757126529726,2026
SELL,2026-03-08 23:00:00,2026-03-09 03:00:00,66236.8,67021.14325924982,STOP,-1.1841502899442813,2026
BUY,2026-03-15 05:00:00,2026-03-15 22:00:00,71606.31,72582.5182964651,TAKE_PROFIT,1.3632992629631457,2026
SELL,2026-03-24 17:00:00,2026-03-24 21:00:00,69476.88,70355.90486240486,STOP,-1.2652048600985744,2026
BUY,2026-03-31 21:00:00,2026-04-02 01:00:00,68265.53,67314.07591957781,STOP,-1.3937547696797938,2026
SELL,2026-04-05 07:00:00,2026-04-05 10:00:00,66802.24,67086.65160388954,STOP,-0.425751597385851,2026
BUY,2026-04-13 15:00:00,2026-04-13 15:00:00,72400.15,71791.36854415474,STOP,-0.8408566223208819,2026
BUY,2026-04-20 13:00:00,2026-04-21 08:00:00,75289.91,76672.62647401956,TAKE_PROFIT,1.8365229471247322,2026
BUY,2026-04-29 05:00:00,2026-04-29 13:00:00,77269.76,76739.00884935565,STOP,-0.6868808064685858,2026
SELL,2026-04-29 15:00:00,2026-04-29 18:00:00,76570.0,75347.96017515402,TAKE_PROFIT,1.5959773081441586,2026
BUY,2026-05-05 03:00:00,2026-05-06 10:00:00,80554.69,82094.59397240738,TAKE_PROFIT,1.9116254713504337,2026
BUY,2026-05-14 15:00:00,2026-05-15 13:00:00,80964.84,80275.98272037237,STOP,-0.8508104006969293,2026
SELL,2026-05-24 22:00:00,2026-05-24 22:00:00,76151.14,76645.97393652661,STOP,-0.6498050279045261,2026
BUY,2026-05-25 07:00:00,2026-05-26 00:00:00,77419.87,76884.08960348528,STOP,-0.6920450738482482,2026
SELL,2026-05-26 01:00:00,2026-05-26 10:00:00,76792.24,77273.96114106268,STOP,-0.6273044529794636,2026
BUY,2026-06-14 22:00:00,2026-06-15 11:00:00,65311.59,66301.86763833559,TAKE_PROFIT,1.516235691606338,2026
SELL,2026-06-17 20:00:00,2026-06-18 15:00:00,64301.85,62531.33350906163,TAKE_PROFIT,2.75344564882405,2026
SELL,2026-06-22 00:00:00,2026-06-22 00:00:00,63312.0,63741.07755602139,STOP,-0.6777191622779061,2026
BUY,2026-06-22 02:00:00,2026-06-22 03:00:00,64606.0,64054.008051185636,STOP,-0.854397345160456,2026
SELL,2026-06-25 14:00:00,2026-06-25 14:00:00,58291.7,59269.786354033306,STOP,-1.6779170174026636,2026
SELL,2026-06-30 13:00:00,2026-06-30 14:00:00,58411.99,58980.057347981936,STOP,-0.9725183955929904,2026
BUY,2026-07-06 16:00:00,2026-07-07 05:00:00,63545.98,62811.62487542434,STOP,-1.1556279792610968,2026
BUY,2026-07-09 14:00:00,2026-07-10 08:00:00,63028.36,64238.34111112456,TAKE_PROFIT,1.9197407502345898,2026
BUY,2026-07-14 13:00:00,2026-07-14 22:00:00,63959.99,65020.485149861575,TAKE_PROFIT,1.6580602183671034,2026
BUY,2026-07-17 18:00:00,2026-07-20 05:00:00,64049.85,64128.0,TREND_REVERSAL,0.12201433727011299,2026
BUY,2026-07-20 12:00:00,2026-07-20 13:00:00,65002.0,64414.54126191297,STOP,-0.9037548661380094,2026
SELL,2026-07-27 15:00:00,2026-07-27 23:00:00,64687.45,63722.036557994965,TAKE_PROFIT,1.4924277305799383,2026
SELL,2026-08-12 15:00:00,2026-08-13 04:00:00,63363.39,63740.02370813905,STOP,-0.5944027113117718,2026
