market,variant,side,signal_time,entry_time,entry_price,signal_atr,signal_adx,regime,mfe_72h_pct,mae_72h_pct,mfe_72h_atr,mae_72h_atr,ret_6h_pct,ret_12h_pct,ret_24h_pct,ret_48h_pct,ret_72h_pct
BINANCE_SPOT,V1.5A_CURRENT,BUY,2020-04-01 22:00:00,2020-04-01 23:00:00,6520.76,81.66789236939931,30.160503356512322,BULL,10.385905937344724,0.31836779761868583,8.292610233367053,0.2542002664412939,1.177470110845971,1.9816708481833305,4.937307921162561,3.7402081965905727,4.9175249510793195
BINANCE_SPOT,V1.5A_CURRENT,SELL,2020-07-05 09:00:00,2020-07-05 10:00:00,9019.58,35.09612744237396,25.39114708740466,BEAR,1.4030586790072184,3.9895427503276224,3.6058109319265457,10.252983056060499,-0.09335246208803595,-0.1309373607196731,-2.0355715011120292,-2.313854968856651,-2.926300337709744
BINANCE_SPOT,V1.5A_CURRENT,BUY,2020-07-10 23:00:00,2020-07-11 00:00:00,9288.34,39.50858726975738,25.703743315875762,BULL,0.6100121227259108,1.408647831582394,1.4341186034604523,3.311685105484756,-0.3006995867937682,-0.9471014196293346,-0.5847115846319094,0.15514074635510602,-0.49223004325853004
BINANCE_SPOT,V1.5A_CURRENT,SELL,2020-12-11 00:00:00,2020-12-11 01:00:00,18018.31,167.21228368327633,26.13400981665039,BEAR,2.475148890212232,7.729304246624675,2.667148550191137,8.328873748521671,0.5256319821337448,0.8523551875841948,-1.7967833831252764,-4.0608136945140725,-5.765690566984348
BINANCE_SPOT,V1.5A_CURRENT,BUY,2021-01-03 05:00:00,2021-01-03 06:00:00,33758.67,701.3915907702363,25.910280792283277,BULL,5.947835030230763,16.673257566130413,2.8627517444214123,8.025003541629076,1.939827605767646,-2.5160943840500867,-2.8012359491650476,-9.841679189375643,3.614597376022235
BINANCE_SPOT,V1.5A_CURRENT,BUY,2021-02-11 13:00:00,2021-02-11 14:00:00,47555.46,779.4762622574442,28.649099462238816,BULL,4.5251796533983715,3.007982679591364,2.760789653513851,1.8351553078181475,0.4175545773292903,1.9388730547449249,0.6643611480153958,-1.2281029349731847,2.532138265511464
BINANCE_SPOT,V1.5A_CURRENT,SELL,2021-08-05 08:00:00,2021-08-05 09:00:00,38482.86,363.951279143795,25.304018551693673,BEAR,2.9887591514767964,17.740729249333338,3.1602032082584937,18.75838990334373,-1.351043035782679,-6.229084844525582,-6.3930279610195315,-12.917906829170182,-15.54658359591776
BINANCE_SPOT,V1.5A_CURRENT,BUY,2021-12-26 22:00:00,2021-12-26 23:00:00,50973.65,369.6721910198896,25.920424471268305,BULL,2.1861295002417886,8.60646628208888,3.014427449697028,11.867351958221715,0.054655689753432574,-0.35810659036580833,0.09104704097116101,-6.459886627698828,-7.256768938461344
BINANCE_SPOT,V1.5A_CURRENT,SELL,2022-02-21 11:00:00,2022-02-21 12:00:00,37576.1,421.7655890046155,25.86364972428807,BEAR,8.659280766231726,4.54270134473775,7.714759299541605,4.047200730691477,-2.532327729594085,1.5114394522049788,0.15068088492418147,-3.2116425068062013,5.678822442989021
BINANCE_SPOT,V1.5A_CURRENT,SELL,2022-04-10 22:00:00,2022-04-10 23:00:00,42111.93,284.75018571898784,25.680574901137778,BEAR,6.914738887531397,0.7660062124913338,10.226261986967426,1.1328526412915043,-0.35025704117574286,1.2251635106726344,5.569775595656624,5.423569995485843,1.977776843758995
BINANCE_SPOT,V1.5A_CURRENT,SELL,2022-05-27 17:00:00,2022-05-27 18:00:00,28388.13,341.28142236709294,35.808124382248316,BEAR,0.3706830988867515,8.95751146694058,0.3083379085510576,7.45094761491239,-0.8513065143776579,-1.7219520975844413,-1.7559451784953766,-2.9408065976871325,-8.167885662070729
BINANCE_SPOT,V1.5A_CURRENT,BUY,2022-06-07 19:00:00,2022-06-07 20:00:00,31059.71,338.01276261785995,35.279589055306175,BULL,1.7060365341466468,7.114393534260298,1.5676626997633996,6.53735670477681,0.18828250489138362,-1.6031701519428183,-2.960652240474878,-3.35672805702307,-6.6957804821744915
BINANCE_SPOT,V1.5A_CURRENT,BUY,2022-07-19 14:00:00,2022-07-19 15:00:00,22626.18,355.0064748204097,25.253879049109283,BULL,7.29491235374244,1.2583653095661802,4.649379989012833,0.802013541144665,2.9786733774768837,3.2893312083612876,6.9175176720064915,-0.30044841860181243,4.577175643436052
BINANCE_SPOT,V1.5A_CURRENT,BUY,2022-08-10 12:00:00,2022-08-10 13:00:00,23983.92,214.24922232812884,35.70793509402798,BULL,3.8968608968008676,2.1202539034486305,4.362302881868132,2.37349752999889,-1.6084526632843872,0.2752260681323238,3.661203006014039,-0.8392289500632042,1.909612773891841
BINANCE_SPOT,V1.5A_CURRENT,SELL,2022-08-22 18:00:00,2022-08-22 19:00:00,21023.94,199.06899903105517,25.583883995823754,BEAR,0.6364173413736877,4.166963946814923,0.6721287626463938,4.400785678654737,-1.3285330913235165,-0.28215453430707904,-2.4725622314371227,-3.0963273297012894,-2.4532033481830813
BINANCE_SPOT,V1.5A_CURRENT,SELL,2022-12-25 20:00:00,2022-12-25 21:00:00,16769.01,35.20862870863318,27.191783860837088,BEAR,1.247658627432374,1.2154563686228546,5.942293343242211,5.788921848865604,-0.7196608505809247,-0.41946423790074755,-0.4387259593738888,0.6115447483184713,1.0317245919705362
BINANCE_SPOT,V1.5A_CURRENT,BUY,2023-01-25 21:00:00,2023-01-25 22:00:00,23592.56,213.07762679773813,30.304476457055554,BULL,0.9501724272397665,4.483108234121266,1.0520578972507022,4.9638247614048785,-1.9345081669814614,-2.6358309568779332,-2.1650469470036353,-2.168819322701734,-2.505662802171538
BINANCE_SPOT,V1.5A_CURRENT,BUY,2023-02-17 19:00:00,2023-02-17 20:00:00,24524.49,272.47382033302165,27.982417997209488,BULL,2.721809913274438,2.787662454958288,2.4498133405409646,2.509085089952569,0.5531205745766693,-0.022345011048153094,0.34190313437710035,-0.0028542897324296147,1.41776648566391
BINANCE_SPOT,V1.5A_CURRENT,SELL,2023-05-10 17:00:00,2023-05-10 18:00:00,27498.73,256.2583068482122,27.15418667549125,BEAR,6.135810635618447,1.7582630179648298,6.584254851099948,1.8867681049902056,-0.3637258884319401,-0.10953233112947028,2.150826601810341,4.342891471715231,2.496151640457577
BINANCE_SPOT,V1.5A_CURRENT,SELL,2023-05-16 01:00:00,2023-05-16 02:00:00,27024.64,165.04930195901053,26.9399957293971,BEAR,2.454944820726562,1.7589873537630867,4.01964741519938,2.8801091210798013,-0.8434524937242542,0.147273007151989,-0.5407287571638365,-1.104806576516837,0.7942751503812736
BINANCE_SPOT,V1.5A_CURRENT,SELL,2023-05-18 17:00:00,2023-05-18 18:00:00,26489.0,197.9260230265594,25.43383883660342,BEAR,0.2991052889878801,2.9768960700668172,0.40030107607107235,3.9840642879697783,-1.2544074899014641,-1.4626826229755776,-1.623957114273843,-2.4555475857903306,-1.4441843784212287
BINANCE_SPOT,V1.5A_CURRENT,BUY,2023-08-14 03:00:00,2023-08-14 04:00:00,29399.91,62.53496065844164,29.318751189422777,BULL,1.004798994282635,3.5983443486731757,4.723917579695835,16.917097074357745,0.04789130306862078,0.6805463009920838,0.0071428790088083425,-0.5829949819574327,-2.525858072354638
BINANCE_SPOT,V1.5A_CURRENT,SELL,2023-09-11 11:00:00,2023-09-11 12:00:00,25601.27,99.31979953205338,29.98956117804069,BEAR,2.7352939912746534,3.772195676230123,7.05065861287812,9.723438876740085,1.4739503157460632,1.7137821678377674,-1.944122303307614,-2.332462412997478,-3.3001487816815374
BINANCE_SPOT,V1.5A_CURRENT,BUY,2023-09-15 22:00:00,2023-09-15 23:00:00,26776.32,130.44545704563362,25.84733384520369,BULL,2.3628340264831027,1.4900105765093978,4.850149743265267,3.058519698853367,-0.8255055212964324,-0.8632254170849445,-0.8078406592093362,-1.0618710860939744,0.3578161599502893
BINANCE_SPOT,V1.5A_CURRENT,BUY,2023-11-07 18:00:00,2023-11-07 19:00:00,35377.0,206.89924879648697,26.40347536804385,BULL,7.335952737654402,0.782994601011957,12.543496484865264,1.3388158807307535,-0.048562625434605225,-0.2907538796393153,0.600870622155637,2.802809735138658,5.284365548237547
BINANCE_SPOT,V1.5A_CURRENT,BUY,2024-01-04 20:00:00,2024-01-04 21:00:00,44113.68,450.10199400884164,28.244097584266928,BULL,1.3961655432056483,3.771347119532989,1.368356524072415,3.6962289039921905,-1.3775318676655413,-0.4584518906606702,-0.3595483305858876,-0.6511358834719705,0.014349290288186671
BINANCE_SPOT,V1.5A_CURRENT,BUY,2024-05-15 12:00:00,2024-05-15 13:00:00,63757.57,507.09299316937194,33.17952091369305,BULL,5.793241492735682,0.34769204660717196,7.283930264771582,0.437158475833954,3.0736899163503235,3.648711831395071,3.5343881518696447,4.113080219337094,5.004001877737813
BINANCE_SPOT,V1.5A_CURRENT,BUY,2024-05-17 14:00:00,2024-05-17 15:00:00,66806.67,465.8196223046446,39.907090327546825,BULL,1.3371868407750331,1.4211455233436996,1.9177594872028956,2.038170902511016,0.12473305434921655,0.15143697478110832,-0.019474103409127804,0.18161360235437832,0.2983833799828618
BINANCE_SPOT,V1.5A_CURRENT,SELL,2024-08-15 18:00:00,2024-08-15 19:00:00,57872.82,593.1919042691515,25.704563293335323,BEAR,3.100384601959951,4.1680533279698455,3.024788415159949,4.066424343690156,0.6960607760257782,-1.131394668516234,-2.7546264377647405,-2.6693878058819296,-2.988190311099405
BINANCE_SPOT,V1.5A_CURRENT,SELL,2024-09-05 09:00:00,2024-09-05 10:00:00,56797.0,423.9314498223968,25.852684588739866,BEAR,7.477507614838812,0.9736429741007447,10.01812911445766,1.3044561809030106,1.4454812754194728,1.1380882793105296,1.5971618219272135,4.482437452682359,4.1216613553532815
BINANCE_SPOT,V1.5A_CURRENT,BUY,2024-09-17 10:00:00,2024-09-17 11:00:00,59235.99,368.5745786534294,28.20646024489453,BULL,8.267490760262472,0.6144406466406676,13.287215895063019,0.9875070639156643,2.7649913506974437,1.6949493036243743,1.1336013798368187,5.206328112351974,7.475202153285531
BINANCE_SPOT,V1.5A_CURRENT,BUY,2025-01-20 06:00:00,2025-01-20 07:00:00,107482.36,1726.7340435731248,26.421979347887806,BULL,1.8771731472959887,6.850724156038263,1.1684659878628036,4.264304643443014,-0.5254536651409627,-3.304449213805872,-4.936921742321259,-1.9561814608462291,-4.861876869841715
BINANCE_SPOT,V1.5A_CURRENT,SELL,2025-03-10 16:00:00,2025-03-10 17:00:00,79009.01,1237.492836389806,27.519145283608754,BEAR,3.0414379322054472,7.000264906496121,1.9418375034884283,4.4693915288717,-0.624422455109874,-0.9503979356278591,-3.009517522115526,-3.7486231000742833,-2.3634646225791287
BINANCE_SPOT,V1.5A_CURRENT,BUY,2025-03-25 19:00:00,2025-03-25 20:00:00,88116.23,526.3892758283655,27.990323369128777,BULL,0.4805017191498192,5.142333029908333,0.8043476936981948,8.6081350971091,-0.31797774371418563,0.027486423329732973,-1.75795083380212,-1.1982128604457913,-4.9088573126653285
BINANCE_SPOT,V1.5A_CURRENT,BUY,2025-05-18 22:00:00,2025-05-18 23:00:00,105928.11,675.0754621190683,26.322727910898106,BULL,3.6976870445437,3.7082791338389787,5.802151344243567,5.818771708380017,-2.7622884992472665,-2.8440137372412297,-0.3570251560232712,0.8002786040457072,2.6539225518136784
BINANCE_SPOT,V1.5A_CURRENT,BUY,2025-08-10 03:00:00,2025-08-10 04:00:00,118500.0,410.8235062567909,25.547284239344258,BULL,3.236421940928273,0.8722869198312265,9.335298349756023,2.516068297596146,-0.1746160337552728,0.2658227848101266,2.7248860759493714,0.3018565400843857,0.8287004219409237
BINANCE_SPOT,V1.5A_CURRENT,BUY,2025-09-30 19:00:00,2025-09-30 20:00:00,114359.99,512.3504100998044,29.236089482019683,BULL,8.337706220505964,0.5199108534374713,18.610310076930762,1.1604753080693082,0.16614202222298202,0.15654950651884356,2.692847384824005,5.66325687856391,7.258657507752493
BINANCE_SPOT,V1.5A_CURRENT,SELL,2025-11-12 15:00:00,2025-11-12 16:00:00,102173.51,778.2416228679931,29.265941155844146,BEAR,7.987451933480603,1.870837167089591,10.486537548486139,2.4561780606846733,0.24765714714116566,0.04237889057544207,0.7740460320879603,5.262978633111455,5.78771346898036
BINANCE_SPOT,V1.5A_CURRENT,SELL,2025-11-13 16:00:00,2025-11-13 17:00:00,100633.13,918.7442279712438,25.68115621464775,BEAR,6.579026211348099,0.18618123077360366,7.206227585907872,0.20393053289023202,0.776394414046346,2.7914763259376,3.5991228733519502,4.4421653187176116,6.368340128146668
BINANCE_SPOT,V1.5A_CURRENT,SELL,2025-12-15 14:00:00,2025-12-15 15:00:00,88050.0,533.0813967286585,29.30278807763269,BEAR,3.297399204997161,2.6301533219761564,5.446372763741045,4.344270901613899,2.570085178875646,2.3918114707552585,0.8540715502555307,-1.846507666098814,-0.3352640545144771
BINANCE_SPOT,V1.5A_CURRENT,SELL,2026-01-25 06:00:00,2026-01-25 07:00:00,88831.36,224.30893748618283,30.842444456108687,BEAR,3.1032284094265803,0.7787790257854916,12.289479103657229,3.0841392579045896,0.04431993386118972,1.5887970194309824,1.0063112846634323,0.561389581337044,-0.5472279159071758
BINANCE_SPOT,V1.5A_CURRENT,SELL,2026-02-03 16:00:00,2026-02-03 17:00:00,76488.08,815.9388864016735,26.13786429073533,BEAR,21.55640460578956,0.632046195956288,20.20749381453452,0.592495354807753,1.018786195182308,0.010890585827231833,3.7287770852661053,10.711381433551486,8.542599055957487
BINANCE_SPOT,V1.5A_CURRENT,SELL,2026-02-23 17:00:00,2026-02-23 18:00:00,64813.27,564.07382032081,32.565004278217636,BEAR,3.553269261063356,7.985340039161741,4.082781219469113,9.175323891217765,0.24262006839031575,2.6360033986867135,0.9158001131558364,-5.957005409540362,-3.106663187955192
BINANCE_SPOT,V1.5A_CURRENT,SELL,2026-03-08 22:00:00,2026-03-08 23:00:00,66236.8,522.8955061665409,36.06246913956189,BEAR,0.6262832745543289,8.364232571621812,0.7933325016334706,10.595233530722785,-1.3487064592492337,-2.0703445818638606,-3.621974491521332,-5.261093531088457,-6.244580052176421
BINANCE_SPOT,V1.5A_CURRENT,SELL,2026-04-05 06:00:00,2026-04-05 07:00:00,66802.24,189.60773592635124,26.51712871468841,BEAR,0.182134611054956,8.920000287415503,0.6416932273652493,31.42677681840227,0.02793319505454232,-0.9154483442471294,-3.2550255799805408,-2.643788591520285,-7.380665678276651
BINANCE_SPOT,V1.5A_CURRENT,BUY,2026-04-13 14:00:00,2026-04-13 15:00:00,72400.15,405.85430389683233,30.00527292374807,BULL,5.024644285957979,1.032456424468734,8.963438271002648,1.8417939463074255,1.0348182980283969,2.6668867398755416,3.6097577145903728,2.4194148769028843,2.1728960506297397
BINANCE_SPOT,V1.5A_CURRENT,BUY,2026-05-05 02:00:00,2026-05-05 03:00:00,80554.69,513.301324135796,25.955118230821242,BULL,2.849380960934736,1.5364716815370987,4.471661949955858,2.4112542512603348,0.3234448546695455,0.9706449121708421,1.0041004440585537,0.6935040033050766,-1.3236100840311047
BINANCE_SPOT,V1.5A_CURRENT,BUY,2026-06-14 21:00:00,2026-06-14 22:00:00,65311.59,330.0925461118671,28.701388156242597,BULL,3.0324786152044343,2.01073040788013,6.000014309104676,3.9783994381834544,0.9424207862647492,0.4367831191982986,1.6177220612757974,0.712553468687571,-1.6135267875119863
BINANCE_SPOT,V1.5A_CURRENT,SELL,2026-06-30 12:00:00,2026-06-30 13:00:00,58411.99,378.71156532128987,28.596981576637756,BEAR,1.0473877024220468,6.484987072003542,1.6154774662901015,10.00236155129391,-0.4603164521530677,-0.2807813943678379,-0.21574337734428164,-5.359413367015917,-6.115182858861683
BINANCE_SPOT,V1.9B_ROBUST,BUY,2020-06-07 19:00:00,2020-06-07 20:00:00,9775.51,81.53495511270458,34.69194097978703,BULL,2.2219812572438586,2.1022944071460232,2.664010787762781,2.5205140508868467,-0.32929228244869585,-0.4910229747603961,-0.8271691195651233,-0.45378706584107203,0.7843069057266585
BINANCE_SPOT,V1.9B_ROBUST,SELL,2020-07-02 16:00:00,2020-07-02 17:00:00,9043.9,54.17296430919954,25.515594586231614,BEAR,0.7065535886066812,1.615453510100735,1.1795551676899516,2.6969172143897238,-0.6182067470891967,-0.5673437344508397,-0.5016641050874159,-0.32839814681719975,0.13301783522594054
BINANCE_SPOT,V1.9B_ROBUST,SELL,2020-07-05 09:00:00,2020-07-05 10:00:00,9019.58,35.09612744237396,25.39114708740466,BEAR,1.4030586790072184,3.9895427503276224,3.6058109319265457,10.252983056060499,-0.09335246208803595,-0.1309373607196731,-2.0355715011120292,-2.313854968856651,-2.926300337709744
BINANCE_SPOT,V1.9B_ROBUST,SELL,2020-12-11 01:00:00,2020-12-11 02:00:00,17901.44,174.61140627732797,27.652219189948816,BEAR,1.8384554538629125,8.432617711200894,1.884813867642102,8.645254237300113,0.49990391834398784,-0.3942140967430537,-2.1361410031818755,-4.993285456365537,-6.615110292803266
BINANCE_SPOT,V1.9B_ROBUST,BUY,2021-01-03 05:00:00,2021-01-03 06:00:00,33758.67,701.3915907702363,25.910280792283277,BULL,5.947835030230763,16.673257566130413,2.8627517444214123,8.025003541629076,1.939827605767646,-2.5160943840500867,-2.8012359491650476,-9.841679189375643,3.614597376022235
BINANCE_SPOT,V1.9B_ROBUST,BUY,2021-02-11 14:00:00,2021-02-11 15:00:00,47864.81,785.727957810484,29.853253257529396,BULL,3.84963400042746,3.634841546430452,2.345111920332659,2.214265106269308,-1.7493436200833132,0.1480210618197499,-2.7521471410833924,-1.917713660620394,1.864772888474852
BINANCE_SPOT,V1.9B_ROBUST,SELL,2021-04-21 23:00:00,2021-04-22 00:00:00,53787.62,751.4325313248181,26.21834865276722,BEAR,11.689715960661584,3.223529875462049,8.36751103777018,2.3074060913267984,-1.2458257123107483,-2.0060378205988663,3.898034529135149,4.949986632611748,6.952863874623949
BINANCE_SPOT,V1.9B_ROBUST,SELL,2021-06-21 07:00:00,2021-06-21 08:00:00,33025.5,676.4346197683643,27.19299035554448,BEAR,12.779518856641081,5.6183857927964755,6.239331750118366,2.7430588940515643,-0.3834915444126552,1.3977381114593286,1.1400887193229488,-2.8970341100059107,0.5200829661927966
BINANCE_SPOT,V1.9B_ROBUST,SELL,2021-08-05 09:00:00,2021-08-05 10:00:00,38040.45,389.11190206209517,26.729513960614042,BEAR,1.8605195259256924,19.110052588757505,1.8188855088967595,18.68241490808964,-1.8652776189556248,-7.5461252429979195,-6.707833372107855,-14.686287885658563,-17.570034003278092
BINANCE_SPOT,V1.9B_ROBUST,SELL,2021-11-30 06:00:00,2021-11-30 07:00:00,56534.2,566.5869245875887,25.05318766662624,BEAR,1.3380042522933027,4.674674798617476,1.3350643425994977,4.66440343981403,-2.272995814922656,-3.1586544074206433,-0.7054490909927084,-0.21022673001476244,-0.5537533033102174
BINANCE_SPOT,V1.9B_ROBUST,BUY,2021-12-26 23:00:00,2021-12-27 00:00:00,50775.48,373.54417737561164,25.89509845145161,BULL,2.584948483007934,9.214073407085477,3.513694174598825,12.524596241519303,0.15271150563223349,-0.031570356400384816,-0.14581841471513587,-6.3647650401335545,-8.489964053515592
BINANCE_SPOT,V1.9B_ROBUST,SELL,2022-02-21 11:00:00,2022-02-21 12:00:00,37576.1,421.7655890046155,25.86364972428807,BEAR,8.659280766231726,4.54270134473775,7.714759299541605,4.047200730691477,-2.532327729594085,1.5114394522049788,0.15068088492418147,-3.2116425068062013,5.678822442989021
BINANCE_SPOT,V1.9B_ROBUST,BUY,2022-03-22 03:00:00,2022-03-22 04:00:00,42236.46,351.9280558357051,25.026375104681172,BULL,5.118965936065664,1.1482733164663848,6.143499968667873,1.3780941642982047,0.5316023170502424,0.7987175061546318,-0.3847860355721024,1.127959113997725,4.10001216958051
BINANCE_SPOT,V1.9B_ROBUST,SELL,2022-04-10 22:00:00,2022-04-10 23:00:00,42111.93,284.75018571898784,25.680574901137778,BEAR,6.914738887531397,0.7660062124913338,10.226261986967426,1.1328526412915043,-0.35025704117574286,1.2251635106726344,5.569775595656624,5.423569995485843,1.977776843758995
BINANCE_SPOT,V1.9B_ROBUST,SELL,2022-04-14 15:00:00,2022-04-14 16:00:00,39964.01,334.407901814622,25.58149822487691,BEAR,1.0311027346855326,2.267915557022427,1.2322376288477461,2.7103127500331343,-0.01498848589017459,-0.5928584243673253,-1.1214840552787246,-0.24689714570684537,-1.2043085766418355
BINANCE_SPOT,V1.9B_ROBUST,SELL,2022-05-05 15:00:00,2022-05-05 16:00:00,36909.67,391.2302148284088,38.87845257168869,BEAR,7.314262089040619,1.1171327188782825,6.900463966424621,1.0539318906665918,1.2221458495835822,1.2133676621871683,2.452826048024818,2.5662651549038427,6.913499903954709
BINANCE_SPOT,V1.9B_ROBUST,SELL,2022-05-14 12:00:00,2022-05-14 13:00:00,29102.21,412.0726759469729,25.882161477234263,BEAR,1.6225915488892395,8.10175584603369,1.1459386354963388,5.721781951646341,-1.4582054077680102,-2.959672134865365,-4.150165915234619,-2.7188313189960542,-5.09662324613835
BINANCE_SPOT,V1.9B_ROBUST,SELL,2022-05-27 17:00:00,2022-05-27 18:00:00,28388.13,341.28142236709294,35.808124382248316,BEAR,0.3706830988867515,8.95751146694058,0.3083379085510576,7.45094761491239,-0.8513065143776579,-1.7219520975844413,-1.7559451784953766,-2.9408065976871325,-8.167885662070729
BINANCE_SPOT,V1.9B_ROBUST,BUY,2022-07-18 06:00:00,2022-07-18 07:00:00,22197.69,266.892232244468,25.545070598812536,BULL,9.366064667089248,3.647631803129059,7.789848293882282,3.0337713210714154,0.40256441098150564,-1.644270192078536,-1.969844609957155,7.13596775159938,2.669376858583037
BINANCE_SPOT,V1.9B_ROBUST,BUY,2022-07-19 14:00:00,2022-07-19 15:00:00,22626.18,355.0064748204097,25.253879049109283,BULL,7.29491235374244,1.2583653095661802,4.649379989012833,0.802013541144665,2.9786733774768837,3.2893312083612876,6.9175176720064915,-0.30044841860181243,4.577175643436052
BINANCE_SPOT,V1.9B_ROBUST,SELL,2022-08-22 18:00:00,2022-08-22 19:00:00,21023.94,199.06899903105517,25.583883995823754,BEAR,0.6364173413736877,4.166963946814923,0.6721287626463938,4.400785678654737,-1.3285330913235165,-0.28215453430707904,-2.4725622314371227,-3.0963273297012894,-2.4532033481830813
BINANCE_SPOT,V1.9B_ROBUST,SELL,2022-09-06 18:00:00,2022-09-06 19:00:00,18958.66,196.3482548642857,26.208173150857988,BEAR,2.362455996362609,13.0770845618836,2.281099978757526,12.62674833404367,0.6622303475034589,0.8740596645543467,-0.6122268134984208,-1.279520810015063,-11.657996925943081
BINANCE_SPOT,V1.9B_ROBUST,SELL,2022-12-25 20:00:00,2022-12-25 21:00:00,16769.01,35.20862870863318,27.191783860837088,BEAR,1.247658627432374,1.2154563686228546,5.942293343242211,5.788921848865604,-0.7196608505809247,-0.41946423790074755,-0.4387259593738888,0.6115447483184713,1.0317245919705362
BINANCE_SPOT,V1.9B_ROBUST,BUY,2023-01-25 22:00:00,2023-01-25 23:00:00,22933.23,269.2913677407568,31.74167904926022,BULL,2.471391949585821,1.7369991056645686,2.1046719943344874,1.4792527638074338,1.0732025100694451,0.026293723125782265,0.3076758049345919,0.326992752438281,0.19360552351326638
BINANCE_SPOT,V1.9B_ROBUST,BUY,2023-02-17 20:00:00,2023-02-17 21:00:00,24820.92,289.162118880663,29.526947131707203,BULL,1.4950291931161366,3.9486449333868223,1.2832939578546463,3.389413536579039,-1.067889506110159,-0.9363472425679623,-0.9114086020985424,-1.2183271208319346,-0.08057719053121319
BINANCE_SPOT,V1.9B_ROBUST,SELL,2023-03-07 17:00:00,2023-03-07 18:00:00,22308.25,120.512841550382,25.23478409878057,BEAR,12.368339067385383,0.10417670592718659,22.895153450070264,0.19284251952756262,0.49439108849865354,1.5835845483173283,1.227214147232528,3.759999103470693,10.658702497954794
BINANCE_SPOT,V1.9B_ROBUST,BUY,2023-03-17 02:00:00,2023-03-17 03:00:00,25578.86,313.53014047682916,25.131577459447694,BULL,10.9904819839508,0.06724302803174467,8.966410679766073,0.05485915954951661,1.6324026950380088,2.752820102225038,6.6934961135875435,6.009689251201966,7.2561873359485105
BINANCE_SPOT,V1.9B_ROBUST,BUY,2023-03-23 16:00:00,2023-03-23 17:00:00,28464.96,317.43193446972623,25.23360339505027,BULL,0.1581593650579535,5.146538059424637,0.14182568012637695,4.615036613903488,-0.8812940541634368,-1.175304655267386,-3.003587568716055,-3.454703607523065,-2.203200004496755
BINANCE_SPOT,V1.9B_ROBUST,BUY,2023-03-26 13:00:00,2023-03-26 14:00:00,28150.0,166.15279006520427,26.242556619681583,BULL,1.7761989342806392,5.832539964476023,3.009278386500655,9.881627623319934,-1.1440497335701574,-1.147495559502666,-1.6234813499111842,-4.504547069271754,0.980142095914742
BINANCE_SPOT,V1.9B_ROBUST,SELL,2023-05-10 17:00:00,2023-05-10 18:00:00,27498.73,256.2583068482122,27.15418667549125,BEAR,6.135810635618447,1.7582630179648298,6.584254851099948,1.8867681049902056,-0.3637258884319401,-0.10953233112947028,2.150826601810341,4.342891471715231,2.496151640457577
BINANCE_SPOT,V1.9B_ROBUST,SELL,2023-05-16 02:00:00,2023-05-16 03:00:00,27080.49,161.2879232476526,27.54225604631328,BEAR,2.6561188516160557,1.5491226340439126,4.4596643413627035,2.601000692133991,-0.4495118072088044,0.36077633750349686,0.05664594695295449,-0.9927072959167211,1.0281940984081246
BINANCE_SPOT,V1.9B_ROBUST,SELL,2023-05-18 17:00:00,2023-05-18 18:00:00,26489.0,197.9260230265594,25.43383883660342,BEAR,0.2991052889878801,2.9768960700668172,0.40030107607107235,3.9840642879697783,-1.2544074899014641,-1.4626826229755776,-1.623957114273843,-2.4555475857903306,-1.4441843784212287
BINANCE_SPOT,V1.9B_ROBUST,SELL,2023-06-13 15:00:00,2023-06-13 16:00:00,25759.54,161.14623367025715,26.093449319508714,BEAR,3.7249888779069846,1.3139209784025612,5.954467430889164,2.1003283309280896,-0.3412716220864187,-0.8755202926760292,-0.8820421482681721,3.1040538767384827,-0.31238911874978176
BINANCE_SPOT,V1.9B_ROBUST,SELL,2023-07-10 21:00:00,2023-07-10 22:00:00,30302.22,180.04910484802986,25.29803277802636,BEAR,0.37033590278204426,4.956666541263312,0.6232744122483712,8.342057580723566,-0.5734893351048168,-0.48712602574993047,-0.88429164595861,-0.17751174666409666,-3.140990990099066
BINANCE_SPOT,V1.9B_ROBUST,BUY,2023-08-14 03:00:00,2023-08-14 04:00:00,29399.91,62.53496065844164,29.318751189422777,BULL,1.004798994282635,3.5983443486731757,4.723917579695835,16.917097074357745,0.04789130306862078,0.6805463009920838,0.0071428790088083425,-0.5829949819574327,-2.525858072354638
BINANCE_SPOT,V1.9B_ROBUST,SELL,2023-09-11 11:00:00,2023-09-11 12:00:00,25601.27,99.31979953205338,29.98956117804069,BEAR,2.7352939912746534,3.772195676230123,7.05065861287812,9.723438876740085,1.4739503157460632,1.7137821678377674,-1.944122303307614,-2.332462412997478,-3.3001487816815374
BINANCE_SPOT,V1.9B_ROBUST,BUY,2023-09-15 23:00:00,2023-09-16 00:00:00,26599.99,142.29006725665982,27.432819795505438,BULL,3.0413921208240993,0.8369927958619648,5.685639311286031,1.5646910869639954,-0.2339474563712362,-0.28533845313476225,-0.15157900435302174,-0.2724813054441118,0.6109776732998651
BINANCE_SPOT,V1.9B_ROBUST,SELL,2023-09-27 14:00:00,2023-09-27 15:00:00,26192.91,142.27693733880648,25.091469726841304,BEAR,0.3086713160164279,4.259053308700713,0.5682579447677389,7.840835070433615,-0.2475479051392157,-0.7381768577832648,-2.2924524231939065,-2.7305480757960807,-3.0522381820118545
BINANCE_SPOT,V1.9B_ROBUST,BUY,2023-10-29 13:00:00,2023-10-29 14:00:00,34379.99,122.1384115249678,25.044738903455254,BULL,2.3851374011452653,1.0325482933531918,6.713776524204868,2.90645666312297,0.5293195256892256,0.11951719590379108,0.8168995977020312,-0.5031415076036845,0.6269635331482148
BINANCE_SPOT,V1.9B_ROBUST,BUY,2023-11-07 18:00:00,2023-11-07 19:00:00,35377.0,206.89924879648697,26.40347536804385,BULL,7.335952737654402,0.782994601011957,12.543496484865264,1.3388158807307535,-0.048562625434605225,-0.2907538796393153,0.600870622155637,2.802809735138658,5.284365548237547
BINANCE_SPOT,V1.9B_ROBUST,BUY,2023-12-20 14:00:00,2023-12-20 15:00:00,43867.04,338.44656319041985,27.491256999589595,BULL,1.2109775357534978,1.4518189510849207,1.5695830827542527,1.8817446216514868,-0.9693382548719977,-1.0875819293939226,-0.7917333834240872,-0.5257933975030032,-0.188592619880446
BINANCE_SPOT,V1.9B_ROBUST,BUY,2024-01-04 21:00:00,2024-01-04 22:00:00,44430.86,451.9068515796389,28.566913934567417,BULL,0.672325496287943,4.458297678685492,0.6610211793776226,4.38333694892191,-2.1733767926166667,-0.6384076292918963,-1.0906833673712337,-1.2185899620218927,-0.44862962364447084
BINANCE_SPOT,V1.9B_ROBUST,SELL,2024-05-10 14:00:00,2024-05-10 15:00:00,61063.87,548.0846271299195,35.24367779860101,BEAR,1.4357917374054412,3.654550555017231,1.59966172485289,4.071652240432231,0.8957015007401339,0.27616985297525265,0.36659975858064775,-0.17186922479691688,-2.7577682187519397
BINANCE_SPOT,V1.9B_ROBUST,BUY,2024-05-15 12:00:00,2024-05-15 13:00:00,63757.57,507.09299316937194,33.17952091369305,BULL,5.793241492735682,0.34769204660717196,7.283930264771582,0.437158475833954,3.0736899163503235,3.648711831395071,3.5343881518696447,4.113080219337094,5.004001877737813
BINANCE_SPOT,V1.9B_ROBUST,BUY,2024-05-17 15:00:00,2024-05-17 16:00:00,67195.09,496.7375064257413,40.848097975556946,BULL,0.7514090687280923,1.9909788051478114,1.016452338445444,2.6932534441105145,-0.5721251359288341,-0.3721105217657921,-0.552808248340752,-0.4542147350349436,0.3346970738487124
BINANCE_SPOT,V1.9B_ROBUST,SELL,2024-06-18 02:00:00,2024-06-18 03:00:00,65467.42,581.7426102684014,25.443426650073395,BEAR,2.1498021458612517,1.5511837796571242,2.4193173667485866,1.7456517402627059,-0.3973121286893551,1.2730454323692615,0.2130525381938007,0.4123730551776764,1.040853603212099
BINANCE_SPOT,V1.9B_ROBUST,SELL,2024-06-20 13:00:00,2024-06-20 14:00:00,65142.65,382.2730485448516,26.869469094601936,BEAR,2.7068287826792474,0.11445650430247721,4.612671509833415,0.19504383132374986,0.14222632944776034,0.26813462455088677,2.344761841896211,1.3181072615252856,1.2969383345626875
BINANCE_SPOT,V1.9B_ROBUST,SELL,2024-08-15 19:00:00,2024-08-15 20:00:00,57046.34,642.4667682499264,27.139299358214174,BEAR,1.6965154995044303,5.677226619621875,1.5063814158610476,5.0409611205604525,-0.8670494899409895,-2.4728142068360595,-4.622645379177706,-4.254173010924111,-4.666451870531923
BINANCE_SPOT,V1.9B_ROBUST,SELL,2024-09-05 09:00:00,2024-09-05 10:00:00,56797.0,423.9314498223968,25.852684588739866,BEAR,7.477507614838812,0.9736429741007447,10.01812911445766,1.3044561809030106,1.4454812754194728,1.1380882793105296,1.5971618219272135,4.482437452682359,4.1216613553532815
BINANCE_SPOT,V1.9B_ROBUST,BUY,2024-09-17 10:00:00,2024-09-17 11:00:00,59235.99,368.5745786534294,28.20646024489453,BULL,8.267490760262472,0.6144406466406676,13.287215895063019,0.9875070639156643,2.7649913506974437,1.6949493036243743,1.1336013798368187,5.206328112351974,7.475202153285531
BINANCE_SPOT,V1.9B_ROBUST,BUY,2025-01-20 06:00:00,2025-01-20 07:00:00,107482.36,1726.7340435731248,26.421979347887806,BULL,1.8771731472959887,6.850724156038263,1.1684659878628036,4.264304643443014,-0.5254536651409627,-3.304449213805872,-4.936921742321259,-1.9561814608462291,-4.861876869841715
BINANCE_SPOT,V1.9B_ROBUST,SELL,2025-03-10 17:00:00,2025-03-10 18:00:00,78459.9,1229.5276337905339,28.025693879933204,BEAR,2.3628630676307187,7.7491177021637965,1.5078148298990004,4.944947826228208,-0.17328597156000253,-2.29656168310182,-3.6269100521413016,-4.31368125628507,-2.044483870104354
BINANCE_SPOT,V1.9B_ROBUST,BUY,2025-03-25 19:00:00,2025-03-25 20:00:00,88116.23,526.3892758283655,27.990323369128777,BULL,0.4805017191498192,5.142333029908333,0.8043476936981948,8.6081350971091,-0.31797774371418563,0.027486423329732973,-1.75795083380212,-1.1982128604457913,-4.9088573126653285
BINANCE_SPOT,V1.9B_ROBUST,BUY,2025-08-10 03:00:00,2025-08-10 04:00:00,118500.0,410.8235062567909,25.547284239344258,BULL,3.236421940928273,0.8722869198312265,9.335298349756023,2.516068297596146,-0.1746160337552728,0.2658227848101266,2.7248860759493714,0.3018565400843857,0.8287004219409237
BINANCE_SPOT,V1.9B_ROBUST,BUY,2025-09-30 20:00:00,2025-09-30 21:00:00,114626.36,519.5739522355335,30.235157744699578,BULL,8.085949863539247,0.7510837821248117,17.83890427940149,1.6570114731419803,-0.30901269132161785,1.2954437356293946,2.5384736983709457,5.256775143169507,6.823543903862952
BINANCE_SPOT,V1.9B_ROBUST,SELL,2025-11-12 16:00:00,2025-11-12 17:00:00,101442.62,793.0229355202789,30.526410536947818,BEAR,7.324505222755484,2.604812454567912,9.369426364857006,3.3320473868342857,-0.5287126850627587,-0.667746948964848,0.7979782067931515,4.368380863980045,5.204696014357673
BINANCE_SPOT,V1.9B_ROBUST,SELL,2025-11-13 16:00:00,2025-11-13 17:00:00,100633.13,918.7442279712438,25.68115621464775,BEAR,6.579026211348099,0.18618123077360366,7.206227585907872,0.20393053289023202,0.776394414046346,2.7914763259376,3.5991228733519502,4.4421653187176116,6.368340128146668
BINANCE_SPOT,V1.9B_ROBUST,SELL,2025-12-15 15:00:00,2025-12-15 16:00:00,87033.21,606.6020112480398,31.56198240078867,BEAR,2.1676438223983774,3.829159007234134,3.110062223695113,5.493948154150253,0.9070445637935307,1.3297108080926903,-1.0848962137556302,-0.2300616052194282,-1.7007645702140548
BINANCE_SPOT,V1.9B_ROBUST,SELL,2026-01-25 06:00:00,2026-01-25 07:00:00,88831.36,224.30893748618283,30.842444456108687,BEAR,3.1032284094265803,0.7787790257854916,12.289479103657229,3.0841392579045896,0.04431993386118972,1.5887970194309824,1.0063112846634323,0.561389581337044,-0.5472279159071758
BINANCE_SPOT,V1.9B_ROBUST,SELL,2026-02-03 16:00:00,2026-02-03 17:00:00,76488.08,815.9388864016735,26.13786429073533,BEAR,21.55640460578956,0.632046195956288,20.20749381453452,0.592495354807753,1.018786195182308,0.010890585827231833,3.7287770852661053,10.711381433551486,8.542599055957487
BINANCE_SPOT,V1.9B_ROBUST,SELL,2026-02-23 17:00:00,2026-02-23 18:00:00,64813.27,564.07382032081,32.565004278217636,BEAR,3.553269261063356,7.985340039161741,4.082781219469113,9.175323891217765,0.24262006839031575,2.6360033986867135,0.9158001131558364,-5.957005409540362,-3.106663187955192
BINANCE_SPOT,V1.9B_ROBUST,SELL,2026-03-08 23:00:00,2026-03-09 00:00:00,65971.2,531.1843985832168,36.78554175324028,BEAR,0.22620476814124335,8.800506887854098,0.28093822107355654,10.929914386577096,-2.940616511447429,-2.71903497283663,-3.7303550640279495,-6.029039944703155,-6.39773113116027
BINANCE_SPOT,V1.9B_ROBUST,BUY,2026-04-13 15:00:00,2026-04-13 16:00:00,71866.59,434.8382821899161,30.668520122688452,BULL,5.804380032501895,0.25991215111221166,9.593014623717366,0.4295619950002766,1.8271633592188106,3.5869797078169374,4.801229611701363,2.7516123973601716,3.9386869475788484
BINANCE_SPOT,V1.9B_ROBUST,BUY,2026-05-05 02:00:00,2026-05-05 03:00:00,80554.69,513.301324135796,25.955118230821242,BULL,2.849380960934736,1.5364716815370987,4.471661949955858,2.4112542512603348,0.3234448546695455,0.9706449121708421,1.0041004440585537,0.6935040033050766,-1.3236100840311047
BINANCE_SPOT,V1.9B_ROBUST,BUY,2026-06-14 22:00:00,2026-06-14 23:00:00,65426.78,351.7916499610193,30.43739723527587,BULL,2.851080245734232,2.309467163140234,5.302485150533533,4.295184380207521,0.3320200077093752,0.7498305739637448,1.1914998720707295,0.5398706768084891,-1.7221847078520396
BINANCE_SPOT,V1.9B_ROBUST,SELL,2026-06-30 12:00:00,2026-06-30 13:00:00,58411.99,378.71156532128987,28.596981576637756,BEAR,1.0473877024220468,6.484987072003542,1.6154774662901015,10.00236155129391,-0.4603164521530677,-0.2807813943678379,-0.21574337734428164,-5.359413367015917,-6.115182858861683
BYBIT_PERPETUAL,V1.5A_CURRENT,BUY,2020-07-10 23:00:00,2020-07-11 00:00:00,9278.0,33.19581248248049,25.12077524997242,BULL,0.6197456348350938,1.3041603793921104,1.732146186521157,3.645038062070608,-0.21017460659624917,-0.8460875188618237,-0.5065746928217288,0.18322914421211467,-0.441905583099806
BYBIT_PERPETUAL,V1.5A_CURRENT,SELL,2020-07-16 06:00:00,2020-07-16 07:00:00,9181.5,22.235940564152774,35.73289628088975,BEAR,1.4812394488917933,0.3539726624189947,6.116224299468118,1.4615977186228957,1.0945923868648912,0.6153678592822523,0.7079453248379894,0.46833306104666994,0.32674399607907206
BYBIT_PERPETUAL,V1.5A_CURRENT,BUY,2020-07-24 20:00:00,2020-07-24 21:00:00,9608.0,35.15819192375588,28.59119777399654,BULL,13.91028309741882,0.9991673605328892,38.013900228383086,2.7305158413204462,-0.47876769358867605,-0.23938384679433802,0.9939633638634472,2.888218151540383,13.228559533721898
BYBIT_PERPETUAL,V1.5A_CURRENT,SELL,2020-12-10 14:00:00,2020-12-10 15:00:00,18075.0,154.78887852761787,28.06129013971667,BEAR,2.810511756569848,7.455048409405256,3.2818895312905907,8.705405794122187,-1.565698478561549,1.4965421853388658,0.16597510373443983,-1.6376210235131397,-6.824343015214385
BYBIT_PERPETUAL,V1.5A_CURRENT,BUY,2021-01-03 05:00:00,2021-01-03 06:00:00,33803.5,658.9701208941905,29.907613720807277,BULL,6.1043974736343865,17.396127619921014,3.1314014620267314,8.92377334501972,1.9968346472998357,-2.5352404336829024,-2.6121555460233408,-9.963465321638292,3.7570074104752464
BYBIT_PERPETUAL,V1.5A_CURRENT,BUY,2021-03-08 20:00:00,2021-03-08 21:00:00,51770.5,594.107634690019,25.02205430159985,BULL,11.538424392269729,0.6866845017915608,10.054575385345329,0.5983764207734602,3.47784935436204,4.42916332660492,5.061762973121758,8.682550873566992,11.097053341188515
BYBIT_PERPETUAL,V1.5A_CURRENT,SELL,2021-03-17 14:00:00,2021-03-17 15:00:00,54597.5,706.7581488214679,27.66846805486913,BEAR,0.4350016026374834,10.272448372178214,0.336041403125009,7.935529302848897,-5.764915976006227,-8.144145794221346,-6.1083382938779245,-7.610238564036814,-8.841064151288979
BYBIT_PERPETUAL,V1.5A_CURRENT,SELL,2021-04-21 22:00:00,2021-04-21 23:00:00,54060.0,671.7202541847216,25.08007357127929,BEAR,11.984831668516463,2.5601183869774324,9.64538430937098,2.0603815224833206,-0.4254532001479837,0.21735109137994818,4.44598594154643,6.685164631890491,6.906215316315205
BYBIT_PERPETUAL,V1.5A_CURRENT,SELL,2021-12-15 15:00:00,2021-12-15 16:00:00,46608.5,510.3041125951807,25.199858651706197,BEAR,2.8503384575774806,6.213458918437624,2.6033495854929276,5.675047346321053,-5.436776553632921,-4.778098415525065,-4.232060675627836,0.2681914243110162,-0.52780072304408
BYBIT_PERPETUAL,V1.5A_CURRENT,SELL,2022-01-19 07:00:00,2022-01-19 08:00:00,41287.5,318.3091627674943,29.632446204560125,BEAR,14.990009082652133,5.315168029064487,19.443361121592005,6.894240746701189,-2.165304268846503,-1.4350590372388738,-1.8455949137148047,5.300635785649409,14.305782621858917
BYBIT_PERPETUAL,V1.5A_CURRENT,SELL,2022-02-21 11:00:00,2022-02-21 12:00:00,37549.5,421.7768755176987,26.204618015789936,BEAR,8.807041372055552,4.842940651673125,7.840638479624829,4.311521341154445,-2.597904099921437,1.4594069162039442,0.19574162106020054,-3.2210815057457487,5.649875497676401
BYBIT_PERPETUAL,V1.5A_CURRENT,SELL,2022-03-07 02:00:00,2022-03-07 03:00:00,37771.0,427.10051136338836,25.654925158262508,BEAR,1.673241375658574,13.044399142199042,1.4797453601320505,11.535926249004133,-0.946493341452437,-2.811680919223743,-2.1603875989515764,-4.206931243546636,-7.812872309443754
BYBIT_PERPETUAL,V1.5A_CURRENT,SELL,2022-04-10 22:00:00,2022-04-10 23:00:00,42103.0,290.8542704509362,26.421192261653598,BEAR,6.962686744412512,0.7054129159442319,10.07893057734736,1.0211299271608958,-0.32776761750944117,1.2030021613661734,5.637365508396076,5.4449801676840135,1.9962948008455452
BYBIT_PERPETUAL,V1.5A_CURRENT,SELL,2022-05-20 15:00:00,2022-05-20 16:00:00,29130.0,364.68070200571657,27.776661632281275,BEAR,1.4486783384826638,5.233436319945073,1.157176669012184,4.180369269926717,-0.12701682114658427,-0.3484380363886028,-1.3714383796773086,-2.4133196017851013,-4.213868863714384
BYBIT_PERPETUAL,V1.5A_CURRENT,SELL,2022-05-27 17:00:00,2022-05-27 18:00:00,28374.0,342.19894574581934,34.1999055762032,BEAR,0.41411151053781625,9.417071967294001,0.343367510218098,7.808323296193684,-0.8634665538873617,-1.7128356946500316,-1.7604144639458659,-3.000986818918728,-8.146542609431169
BYBIT_PERPETUAL,V1.5A_CURRENT,BUY,2022-06-07 19:00:00,2022-06-07 20:00:00,31049.5,340.5290284748701,36.00528641498154,BULL,1.7665340826744393,7.193352549960546,1.6107290543087356,6.558912202002846,0.18679849917067906,-1.6296558720752345,-2.9565693489428173,-3.3575419894040164,-6.686098004798789
BYBIT_PERPETUAL,V1.5A_CURRENT,SELL,2022-08-22 18:00:00,2022-08-22 19:00:00,21007.0,195.77639693552888,26.916962024630223,BEAR,0.5807587946874851,4.155757604607987,0.6231599003233051,4.459168794936438,-1.3566906269338792,-0.32132146427381353,-2.508687580330366,-3.1513305088779933,-2.4777455134002953
BYBIT_PERPETUAL,V1.5A_CURRENT,BUY,2023-01-25 21:00:00,2023-01-25 22:00:00,23618.0,218.59031286207204,29.73335006391264,BULL,1.0881531035650776,4.636294351765603,1.1757154131627234,5.00937111833923,-2.045050385299348,-2.716148700143958,-2.2673384706579727,-2.273689558811076,-2.6187653484630364
BYBIT_PERPETUAL,V1.5A_CURRENT,BUY,2023-02-17 19:00:00,2023-02-17 20:00:00,24526.8,282.0976518724714,27.798782267379494,BULL,2.7345597468891203,2.8952003522677177,2.3775454901808466,2.517213437568829,0.5773276579089086,-0.04607205179639934,0.32698925257269895,-0.030986512712618625,1.4571815320384292
BYBIT_PERPETUAL,V1.5A_CURRENT,SELL,2023-05-10 17:00:00,2023-05-10 18:00:00,27482.2,262.1920645665621,27.50561607309221,BEAR,6.2520467793699215,1.7764225571460825,6.553211298901859,1.8619938052170242,-0.3460421654743745,-0.137907445546564,2.128650544716216,4.337716776677275,2.492886304589888
BYBIT_PERPETUAL,V1.5A_CURRENT,SELL,2023-05-18 17:00:00,2023-05-18 18:00:00,26476.4,204.0957838968053,26.27565033645504,BEAR,0.287425782961438,3.043087428804509,0.3728641451921407,3.9476562651944556,-1.2358175582783046,-1.4650783339124571,-1.635041017661003,-2.4489734253901503,-1.4722545361151789
BYBIT_PERPETUAL,V1.5A_CURRENT,BUY,2023-08-14 04:00:00,2023-08-14 05:00:00,29400.4,65.34080422360962,29.668408560139795,BULL,0.9510074692861272,3.7339628032271768,4.279102519815184,16.80114000805846,0.07142759962449491,0.8129141100121087,-0.10510061087604745,-0.6761812764452283,-2.5285370267071245
BYBIT_PERPETUAL,V1.5A_CURRENT,SELL,2023-09-11 11:00:00,2023-09-11 12:00:00,25586.0,101.49788052157079,34.580165567942714,BEAR,2.8632846087704156,3.9005706245603067,7.217884710846775,9.832717637762894,1.46290940358008,1.6856874853435444,-1.9635738294379794,-2.345423278355345,-3.301023997498626
BYBIT_PERPETUAL,V1.5A_CURRENT,BUY,2023-09-15 22:00:00,2023-09-15 23:00:00,26761.3,135.19760158857463,25.857593247531817,BULL,2.3866553568025495,1.5357998303520382,4.724196231998663,3.039994757086971,-0.8164775253818014,-0.8467451132792448,-0.8007832205460844,-1.0548814893147915,0.38002638137908373
BYBIT_PERPETUAL,V1.5A_CURRENT,BUY,2023-11-07 18:00:00,2023-11-07 19:00:00,35408.9,216.93937898048068,25.826768990275777,BULL,7.738449937727516,0.9429832612704756,12.630717451470817,1.5391396507595074,-0.03925566736046998,-0.2990773506095966,0.6023909243156258,2.7990138072631416,5.268449457622236
BYBIT_PERPETUAL,V1.5A_CURRENT,BUY,2024-01-04 21:00:00,2024-01-04 22:00:00,44456.0,500.6942464650622,29.71089516763064,BULL,0.7139643692639946,5.1174194709375564,0.6339198068299537,4.543691117007366,-2.213424509627497,-0.6478315637934137,-1.120883570271736,-1.2652960230340111,-0.4771009537520212
BYBIT_PERPETUAL,V1.5A_CURRENT,BUY,2024-02-01 19:00:00,2024-02-01 20:00:00,43201.1,344.9282711030935,27.76553510767949,BULL,0.6379467189492827,1.575885799204177,0.7990067010703977,1.9737436940810094,-0.23841985504998714,-0.2842520213605571,-0.370592415470899,-0.37151831782061107,-1.3501971014626841
BYBIT_PERPETUAL,V1.5A_CURRENT,BUY,2024-02-26 15:00:00,2024-02-26 16:00:00,52899.2,310.83831630242105,25.503323408277993,BULL,21.923772004113484,0.1691897041921239,37.31039383419048,0.2879310410140158,3.3785009981247436,5.430705946403732,7.336216804791004,15.32612969572319,18.73733440203255
BYBIT_PERPETUAL,V1.5A_CURRENT,BUY,2024-05-15 12:00:00,2024-05-15 13:00:00,63727.1,513.1610782508793,33.428654927930005,BULL,5.832212669335345,0.3563633054069596,7.242755067606564,0.44255110066818365,3.0898942522098114,3.6351881695542376,3.5195387833433527,4.139055441091787,5.011682627955761
BYBIT_PERPETUAL,V1.5A_CURRENT,BUY,2024-05-17 14:00:00,2024-05-17 15:00:00,66799.9,485.9056506802673,37.861187695108555,BULL,1.4038943172070661,1.463924347192128,1.9300043098636208,2.0125306191252057,0.0877246822225869,0.11377262540812189,-0.05838332093311518,0.13907206447915155,0.23967101747159178
BYBIT_PERPETUAL,V1.5A_CURRENT,SELL,2024-08-02 14:00:00,2024-08-02 15:00:00,63124.5,734.3658263139723,26.191445070706752,BEAR,22.511703062994563,0.7993726682983605,19.350573638927006,0.6871234770451597,0.827729328549137,2.724774057616298,1.8485690975770126,5.652005164397346,14.406450744164308
BYBIT_PERPETUAL,V1.5A_CURRENT,SELL,2024-09-05 09:00:00,2024-09-05 10:00:00,56770.3,434.9731781489617,25.49431813861183,BEAR,7.521714699411499,0.9670549565529863,9.816927145189766,1.2621467887658775,1.4447695361835402,1.1627558776332092,1.5927342289894615,4.4820971529127025,4.129271819948114
BYBIT_PERPETUAL,V1.5A_CURRENT,BUY,2024-09-17 10:00:00,2024-09-17 11:00:00,59210.0,380.8464475938343,27.816273986999153,BULL,8.31227833136294,0.6274277993582166,12.92305607967466,0.9754587507566774,2.766424590440804,1.6794460395203537,1.1391656814727242,5.184766086809663,7.48454652930248
BYBIT_PERPETUAL,V1.5A_CURRENT,BUY,2025-01-20 06:00:00,2025-01-20 07:00:00,107542.7,1773.2248559333443,26.264820129677375,BULL,1.9260256623648122,7.013679217650289,1.1680977700426862,4.253662458408224,-0.553361594975755,-3.3604326467533308,-5.003407948656676,-2.0199418463549854,-4.941943990619537
BYBIT_PERPETUAL,V1.5A_CURRENT,SELL,2025-03-10 16:00:00,2025-03-10 17:00:00,78958.1,1248.5131464280569,27.017378128599866,BEAR,3.0561778968845577,7.005867669054849,1.9327790074968634,4.430630158621843,-0.6456589001001649,-0.9497442314341329,-3.042119807847453,-3.731979366271474,-2.3604924637244165
BYBIT_PERPETUAL,V1.5A_CURRENT,BUY,2025-03-25 19:00:00,2025-03-25 20:00:00,88053.8,530.8179449291808,28.052129363118322,BULL,0.506735654792862,5.120505872546106,0.840589517107465,8.494060992232553,-0.2931162539265833,0.05632919873985139,-1.7434795545450588,-1.1741685197004657,-4.871794289400347
BYBIT_PERPETUAL,V1.5A_CURRENT,BUY,2025-05-18 22:00:00,2025-05-18 23:00:00,105936.9,692.2344711801873,26.151016097750947,BULL,3.6777553430391166,3.716268835504904,5.628295270181451,5.687234837190341,-2.806293180185558,-2.8837921441914953,-0.40071023411106044,0.7487476035262611,2.598905574922441
BYBIT_PERPETUAL,V1.5A_CURRENT,BUY,2025-08-10 03:00:00,2025-08-10 04:00:00,118488.9,494.0054287080515,29.1138669944345,BULL,3.3185386985616425,0.8928262478594993,7.959629128536982,2.1414744424300536,-0.18752811444784878,0.24246996976088303,2.717976114218294,0.30028129217167426,0.8201612134132421
BYBIT_PERPETUAL,V1.5A_CURRENT,SELL,2025-08-21 19:00:00,2025-08-21 20:00:00,112146.2,597.3996266338734,35.827465506912205,BEAR,1.4224289365132274,4.662039373603388,2.6702393655455743,8.751763086059404,-0.5841481922704522,-0.8066256368918482,-3.9753464673791865,-2.6666975786963856,-0.4002810616855575
BYBIT_PERPETUAL,V1.5A_CURRENT,BUY,2025-09-30 19:00:00,2025-09-30 20:00:00,114314.7,532.068543438632,29.1477815683732,BULL,8.348795036858785,0.5230298465551624,17.93735058705042,1.1237273982331473,0.17443075999850302,0.15632285261650258,2.672097289325,5.652728826651349,7.23905149556444
BYBIT_PERPETUAL,V1.5A_CURRENT,SELL,2025-11-12 15:00:00,2025-11-12 16:00:00,102110.2,798.4069037042266,29.28189700569613,BEAR,8.034750690920205,1.8819863245787365,10.27583799931585,2.4069180653176057,0.2302414450270309,0.02957588957811961,0.77974580404308,5.244725796247578,5.768767468871866
BYBIT_PERPETUAL,V1.5A_CURRENT,SELL,2025-11-13 16:00:00,2025-11-13 17:00:00,100569.7,938.516105224119,26.565486060781907,BEAR,6.6260513852581875,0.19240387512342189,7.100357642140492,0.20617653647381143,0.7623568530084083,2.78463592911185,3.5713539962831717,4.426581763692249,6.352509751943177
BYBIT_PERPETUAL,V1.5A_CURRENT,SELL,2025-12-15 14:00:00,2025-12-15 15:00:00,87994.4,548.8720122668126,29.182731135640413,BEAR,3.31202894729664,2.666760612038955,5.309798887291912,4.275313638800184,2.55709454237996,2.390265744183708,0.834712208958752,-1.8700053639777077,-0.3619548516723792
BYBIT_PERPETUAL,V1.5A_CURRENT,SELL,2026-01-25 07:00:00,2026-01-25 08:00:00,88620.0,237.47099471810338,31.209583416789098,BEAR,2.9210110584518234,0.992778153915598,10.900699696284493,3.7048735195824407,-0.2877454299255247,2.4451591062965408,0.7399006996163362,0.38050101557210236,-0.5472805235838412
BYBIT_PERPETUAL,V1.5A_CURRENT,SELL,2026-02-03 16:00:00,2026-02-03 17:00:00,76456.0,829.8306553118714,25.698172006724775,BEAR,21.669980119284293,0.7000104635345782,19.965519342947537,0.6449508662690406,1.0241184472114682,0.0061473265669104975,3.720832897352729,10.709166056293821,8.580752328136445
BYBIT_PERPETUAL,V1.5A_CURRENT,SELL,2026-02-23 17:00:00,2026-02-23 18:00:00,64767.4,577.6991721841155,32.54947625329436,BEAR,3.6208030583287245,8.063315803938403,4.059379194077509,9.039999105859195,0.2348403672217791,2.6275564558713222,0.8947402551283515,-5.9608692027161885,-3.132131288271566
BYBIT_PERPETUAL,V1.5A_CURRENT,SELL,2026-04-05 06:00:00,2026-04-05 07:00:00,66763.1,204.9527318230876,26.1659311805077,BEAR,0.1873789563396634,8.99194315422739,0.6103846427770011,29.29114409258987,0.017824217269732427,-0.9276082147173937,-3.260483710313015,-2.6601520900018123,-7.402592150454362
BYBIT_PERPETUAL,V1.5A_CURRENT,BUY,2026-04-13 14:00:00,2026-04-13 15:00:00,72348.4,416.18071390972887,31.429523124190656,BULL,5.061480281526625,1.0210315639323013,8.798821948280594,1.7749501005474844,1.0414881324258727,2.703722542585608,3.6293822669195217,2.4369578318249,2.1862266477213206
BYBIT_PERPETUAL,V1.5A_CURRENT,BUY,2026-05-05 02:00:00,2026-05-05 03:00:00,80520.6,532.7304913398236,25.6544131535365,BULL,2.8444894846784474,1.5203562814981653,4.299359689811654,2.297972464315181,0.3179310636035995,0.9572705618189487,1.0068230986853017,0.6939838997722176,-1.3365523853523342
BYBIT_PERPETUAL,V1.5A_CURRENT,BUY,2026-06-14 21:00:00,2026-06-14 22:00:00,65286.6,342.92069690669354,27.657118736569963,BULL,3.047179666271488,1.9679382905527256,5.801341295364578,3.7466388339621894,0.9325037603428508,0.42458942570145236,1.6092123039030959,0.707802213624233,-1.6324942637539646
BYBIT_PERPETUAL,V1.5A_CURRENT,SELL,2026-06-30 12:00:00,2026-06-30 13:00:00,58378.6,389.43971009302777,27.557539330160687,BEAR,1.0668292833332689,6.526535408522983,1.5992205824393813,9.78354261585152,-0.4744889394401373,-0.29360073725646296,-0.2034992274566415,-5.357613920169385,-6.112171240831408
BYBIT_PERPETUAL,V1.9B_ROBUST,BUY,2020-06-07 19:00:00,2020-06-07 20:00:00,9764.5,74.79522605061932,34.48735836666031,BULL,2.3605919401915103,1.9970300578626656,3.0817474880549733,2.6071182653827325,-0.2099441855701777,-0.44037073070817756,-0.7424855343335552,-0.3840442418966665,0.9319473603359107
BYBIT_PERPETUAL,V1.9B_ROBUST,SELL,2020-07-02 16:00:00,2020-07-02 17:00:00,9045.0,47.62173827189648,26.177783468695964,BEAR,0.5914870093974571,1.5533443891652847,1.1234365216687716,2.9503332952235963,-0.6412382531785517,-0.552791597567717,-0.5362078496406855,-0.2763957987838585,0.1271420674405749
BYBIT_PERPETUAL,V1.9B_ROBUST,SELL,2020-07-16 07:00:00,2020-07-16 08:00:00,9125.5,27.576230523856147,37.67849920191845,BEAR,0.8766642923675415,0.9698098734315928,2.9010491455963185,3.2092856173159277,0.47120705714755357,0.043833214618377074,0.16437455481891405,-0.14245794750972549,-0.28491589501945097
BYBIT_PERPETUAL,V1.9B_ROBUST,BUY,2020-07-24 20:00:00,2020-07-24 21:00:00,9608.0,35.15819192375588,28.59119777399654,BULL,13.91028309741882,0.9991673605328892,38.013900228383086,2.7305158413204462,-0.47876769358867605,-0.23938384679433802,0.9939633638634472,2.888218151540383,13.228559533721898
BYBIT_PERPETUAL,V1.9B_ROBUST,SELL,2020-12-10 14:00:00,2020-12-10 15:00:00,18075.0,154.78887852761787,28.06129013971667,BEAR,2.810511756569848,7.455048409405256,3.2818895312905907,8.705405794122187,-1.565698478561549,1.4965421853388658,0.16597510373443983,-1.6376210235131397,-6.824343015214385
BYBIT_PERPETUAL,V1.9B_ROBUST,BUY,2021-01-03 05:00:00,2021-01-03 06:00:00,33803.5,658.9701208941905,29.907613720807277,BULL,6.1043974736343865,17.396127619921014,3.1314014620267314,8.92377334501972,1.9968346472998357,-2.5352404336829024,-2.6121555460233408,-9.963465321638292,3.7570074104752464
BYBIT_PERPETUAL,V1.9B_ROBUST,BUY,2021-02-11 13:00:00,2021-02-11 14:00:00,47669.0,805.5754203121523,26.043777022877073,BULL,4.541735719230528,3.135161215884537,2.687519933467042,1.8551956307466486,0.3734082946988609,1.8114497891711594,0.5275965512177725,-1.3625207157691581,2.5236526883299417
BYBIT_PERPETUAL,V1.9B_ROBUST,BUY,2021-03-08 20:00:00,2021-03-08 21:00:00,51770.5,594.107634690019,25.02205430159985,BULL,11.538424392269729,0.6866845017915608,10.054575385345329,0.5983764207734602,3.47784935436204,4.42916332660492,5.061762973121758,8.682550873566992,11.097053341188515
BYBIT_PERPETUAL,V1.9B_ROBUST,SELL,2021-03-17 14:00:00,2021-03-17 15:00:00,54597.5,706.7581488214679,27.66846805486913,BEAR,0.4350016026374834,10.272448372178214,0.336041403125009,7.935529302848897,-5.764915976006227,-8.144145794221346,-6.1083382938779245,-7.610238564036814,-8.841064151288979
BYBIT_PERPETUAL,V1.9B_ROBUST,SELL,2021-04-21 22:00:00,2021-04-21 23:00:00,54060.0,671.7202541847216,25.08007357127929,BEAR,11.984831668516463,2.5601183869774324,9.64538430937098,2.0603815224833206,-0.4254532001479837,0.21735109137994818,4.44598594154643,6.685164631890491,6.906215316315205
BYBIT_PERPETUAL,V1.9B_ROBUST,SELL,2021-06-21 07:00:00,2021-06-21 08:00:00,32970.5,639.6557845298543,27.20509202578853,BEAR,12.728044767291975,5.5322181950531535,6.56055975962825,2.8515336593737466,-0.45798516855977317,1.2283708163358154,1.0236423469465128,-3.0466629259489544,0.4504026326564656
BYBIT_PERPETUAL,V1.9B_ROBUST,SELL,2022-01-19 07:00:00,2022-01-19 08:00:00,41287.5,318.3091627674943,29.632446204560125,BEAR,14.990009082652133,5.315168029064487,19.443361121592005,6.894240746701189,-2.165304268846503,-1.4350590372388738,-1.8455949137148047,5.300635785649409,14.305782621858917
BYBIT_PERPETUAL,V1.9B_ROBUST,SELL,2022-02-21 12:00:00,2022-02-21 13:00:00,37503.0,418.8999558378631,27.53430545670682,BEAR,8.693971148974748,4.972935498493454,7.783481364848817,4.452137017464513,-0.6066181372156895,0.7892701917179958,-0.2599792016638669,-3.947684185265179,6.044849745353705
BYBIT_PERPETUAL,V1.9B_ROBUST,SELL,2022-03-07 02:00:00,2022-03-07 03:00:00,37771.0,427.10051136338836,25.654925158262508,BEAR,1.673241375658574,13.044399142199042,1.4797453601320505,11.535926249004133,-0.946493341452437,-2.811680919223743,-2.1603875989515764,-4.206931243546636,-7.812872309443754
BYBIT_PERPETUAL,V1.9B_ROBUST,BUY,2022-03-22 02:00:00,2022-03-22 03:00:00,41822.0,328.4815125935398,25.034283697988695,BULL,6.135526756252689,0.29769021089378794,7.811702947115768,0.37901676419170427,1.6952799961742624,2.16991057338243,1.1596767251685716,2.649323322653149,5.063124671225671
BYBIT_PERPETUAL,V1.9B_ROBUST,SELL,2022-04-10 22:00:00,2022-04-10 23:00:00,42103.0,290.8542704509362,26.421192261653598,BEAR,6.962686744412512,0.7054129159442319,10.07893057734736,1.0211299271608958,-0.32776761750944117,1.2030021613661734,5.637365508396076,5.4449801676840135,1.9962948008455452
BYBIT_PERPETUAL,V1.9B_ROBUST,SELL,2022-04-14 15:00:00,2022-04-14 16:00:00,39942.0,340.97157661502104,25.456345856353334,BEAR,1.0540283410945872,2.2707926493415456,1.2347070221496388,2.6600457698093165,0.02002904211106104,-0.5983676330679485,-1.1516699213860095,-0.29167292574232634,-1.2067497871914274
BYBIT_PERPETUAL,V1.9B_ROBUST,SELL,2022-05-05 15:00:00,2022-05-05 16:00:00,36884.5,412.0730673579018,39.74633656746144,BEAR,7.4001274247990345,1.2254470034838483,6.623825278125545,1.0968928469363421,1.2579809947267822,1.1793571825563585,2.452249589936152,2.549851563664954,6.826715829142323
BYBIT_PERPETUAL,V1.9B_ROBUST,SELL,2022-05-14 12:00:00,2022-05-14 13:00:00,29079.0,407.21073899007337,25.47666689288432,BEAR,1.6558341070875888,8.387496131228723,1.182434434794554,5.989527697744376,-1.477010901337735,-3.000447058014375,-4.162797895388424,-2.7442484266996803,-5.14632552701262
BYBIT_PERPETUAL,V1.9B_ROBUST,SELL,2022-05-20 16:00:00,2022-05-20 17:00:00,28888.5,368.70350900530826,28.768081564856214,BEAR,0.6248161032936982,6.113159215604826,0.48955324696245656,4.789756421804422,-0.8550115097703238,-1.1959776381605136,-2.275992176817765,-3.5412015161742563,-4.697370926147083
BYBIT_PERPETUAL,V1.9B_ROBUST,SELL,2022-05-23 20:00:00,2022-05-23 21:00:00,29318.0,319.0186534993352,25.022623865974804,BEAR,4.666075448529913,3.0527321099665734,4.288150504662734,2.8054785830944056,0.19441981035541306,0.6344225390545057,-0.4468244764308616,-1.5928780953680333,-0.450235350296746
BYBIT_PERPETUAL,V1.9B_ROBUST,SELL,2022-05-27 17:00:00,2022-05-27 18:00:00,28374.0,342.19894574581934,34.1999055762032,BEAR,0.41411151053781625,9.417071967294001,0.343367510218098,7.808323296193684,-0.8634665538873617,-1.7128356946500316,-1.7604144639458659,-3.000986818918728,-8.146542609431169
BYBIT_PERPETUAL,V1.9B_ROBUST,BUY,2022-07-18 06:00:00,2022-07-18 07:00:00,22186.5,265.933270781704,25.61852844757906,BULL,9.422396502377573,3.644107903454804,7.8609945790349185,3.04023636314266,0.42368106731571,-1.6000721159263516,-1.9381155206995244,7.134969463412435,2.7020936154868953
BYBIT_PERPETUAL,V1.9B_ROBUST,SELL,2022-08-22 18:00:00,2022-08-22 19:00:00,21007.0,195.77639693552888,26.916962024630223,BEAR,0.5807587946874851,4.155757604607987,0.6231599003233051,4.459168794936438,-1.3566906269338792,-0.32132146427381353,-2.508687580330366,-3.1513305088779933,-2.4777455134002953
BYBIT_PERPETUAL,V1.9B_ROBUST,SELL,2022-09-06 18:00:00,2022-09-06 19:00:00,18951.5,194.60692053211147,25.466433593995657,BEAR,2.640951903543255,13.033269134369311,2.5718509836725674,12.692251607734747,0.6833232197979051,0.899664934174076,-0.5883439305595862,-1.2558372688177717,-11.653431126823733
BYBIT_PERPETUAL,V1.9B_ROBUST,SELL,2022-12-25 19:00:00,2022-12-25 20:00:00,16789.5,30.825082679236726,25.651944084543416,BEAR,1.3967062747550554,1.0214717531790702,7.607441071292094,5.563650932736009,-0.32758569343935195,-0.2858929688197981,-0.2680246582685607,0.5956103517079127,1.173352392864588
BYBIT_PERPETUAL,V1.9B_ROBUST,BUY,2023-01-25 22:00:00,2023-01-25 23:00:00,22940.5,279.6552905147812,31.24757438200091,BULL,2.506484165558728,1.8199254593404677,2.0561027075209517,1.4929093571999954,1.0331073864998583,-0.01525686013818356,0.2920598940737996,0.2615461737974325,0.15910725572677145
BYBIT_PERPETUAL,V1.9B_ROBUST,SELL,2023-02-12 21:00:00,2023-02-12 22:00:00,21725.2,96.51705077211143,31.078609930665184,BEAR,1.830593044022613,12.242925266510776,4.120515461449595,27.557825054975133,-0.350744757240443,0.6798556515014854,0.5477509988400567,-2.335996906817889,-11.277226446707049
BYBIT_PERPETUAL,V1.9B_ROBUST,BUY,2023-02-17 19:00:00,2023-02-17 20:00:00,24526.8,282.0976518724714,27.798782267379494,BULL,2.7345597468891203,2.8952003522677177,2.3775454901808466,2.517213437568829,0.5773276579089086,-0.04607205179639934,0.32698925257269895,-0.030986512712618625,1.4571815320384292
BYBIT_PERPETUAL,V1.9B_ROBUST,BUY,2023-03-26 13:00:00,2023-03-26 14:00:00,28139.7,176.69553768533538,25.62975992751896,BULL,1.7939068291417437,5.918328908979134,2.856891614880292,9.425252170011191,-1.159571708298238,-1.1645468857166237,-1.6354118913847722,-4.520659424229832,0.9762008834493642
BYBIT_PERPETUAL,V1.9B_ROBUST,SELL,2023-05-10 17:00:00,2023-05-10 18:00:00,27482.2,262.1920645665621,27.50561607309221,BEAR,6.2520467793699215,1.7764225571460825,6.553211298901859,1.8619938052170242,-0.3460421654743745,-0.137907445546564,2.128650544716216,4.337716776677275,2.492886304589888
BYBIT_PERPETUAL,V1.9B_ROBUST,SELL,2023-05-16 02:00:00,2023-05-16 03:00:00,27071.2,165.13269092508304,25.06773862040398,BEAR,2.6962232926504974,1.824817518248175,4.420081789444954,2.9915336402052373,-0.43662637784804786,0.3657022961671444,0.045066343568075026,-0.9715121605248381,1.0169479003516624
BYBIT_PERPETUAL,V1.9B_ROBUST,SELL,2023-05-18 17:00:00,2023-05-18 18:00:00,26476.4,204.0957838968053,26.27565033645504,BEAR,0.287425782961438,3.043087428804509,0.3728641451921407,3.9476562651944556,-1.2358175582783046,-1.4650783339124571,-1.635041017661003,-2.4489734253901503,-1.4722545361151789
BYBIT_PERPETUAL,V1.9B_ROBUST,SELL,2023-06-13 15:00:00,2023-06-13 16:00:00,25748.1,159.6747983205394,26.574589256111864,BEAR,3.761830970052154,1.3604887350911443,6.0660793699928846,2.193833990613802,-0.33012144585425723,-0.8823952058598526,-0.8827835840314544,3.11129753263347,-0.33361684939860203
BYBIT_PERPETUAL,V1.9B_ROBUST,BUY,2023-08-14 04:00:00,2023-08-14 05:00:00,29400.4,65.34080422360962,29.668408560139795,BULL,0.9510074692861272,3.7339628032271768,4.279102519815184,16.80114000805846,0.07142759962449491,0.8129141100121087,-0.10510061087604745,-0.6761812764452283,-2.5285370267071245
BYBIT_PERPETUAL,V1.9B_ROBUST,SELL,2023-09-11 11:00:00,2023-09-11 12:00:00,25586.0,101.49788052157079,34.580165567942714,BEAR,2.8632846087704156,3.9005706245603067,7.217884710846775,9.832717637762894,1.46290940358008,1.6856874853435444,-1.9635738294379794,-2.345423278355345,-3.301023997498626
BYBIT_PERPETUAL,V1.9B_ROBUST,BUY,2023-09-15 23:00:00,2023-09-16 00:00:00,26588.9,148.05491576081937,27.464349242879067,BULL,3.050521082105685,0.8973669463573227,5.478372641880525,1.6115641873415207,-0.24521510856034182,-0.2948598851400451,-0.14630165219321392,-0.2794399166569618,0.6032592548018075
BYBIT_PERPETUAL,V1.9B_ROBUST,SELL,2023-09-27 14:00:00,2023-09-27 15:00:00,26182.9,143.1940033839445,25.437706506109333,BEAR,0.3643599448495065,4.315030038689371,0.6662290161984401,7.889995204412848,-0.24672591653330436,-0.7180258871248028,-2.270183975037134,-2.7281164424108835,-3.057338950230876
BYBIT_PERPETUAL,V1.9B_ROBUST,BUY,2023-10-29 13:00:00,2023-10-29 14:00:00,34399.8,132.89645906968525,25.994066783573842,BULL,2.4959447438647855,1.0854714271594643,6.460668749268821,2.809706162330528,0.5238402548851944,0.12994261594543308,0.8142489200518565,-0.4938982203384945,0.6255850324711104
BYBIT_PERPETUAL,V1.9B_ROBUST,BUY,2023-11-07 18:00:00,2023-11-07 19:00:00,35408.9,216.93937898048068,25.826768990275777,BULL,7.738449937727516,0.9429832612704756,12.630717451470817,1.5391396507595074,-0.03925566736046998,-0.2990773506095966,0.6023909243156258,2.7990138072631416,5.268449457622236
BYBIT_PERPETUAL,V1.9B_ROBUST,BUY,2023-12-20 14:00:00,2023-12-20 15:00:00,43902.4,347.036492759841,27.22346417949303,BULL,1.3017511571121396,1.504245781551809,1.6468008751906504,1.9029699002203115,-0.9817230948649731,-1.0958398629687636,-0.8350340755858418,-0.543933816830066,-0.20363351434090496
BYBIT_PERPETUAL,V1.9B_ROBUST,BUY,2024-01-04 21:00:00,2024-01-04 22:00:00,44456.0,500.6942464650622,29.71089516763064,BULL,0.7139643692639946,5.1174194709375564,0.6339198068299537,4.543691117007366,-2.213424509627497,-0.6478315637934137,-1.120883570271736,-1.2652960230340111,-0.4771009537520212
BYBIT_PERPETUAL,V1.9B_ROBUST,SELL,2024-01-18 17:00:00,2024-01-18 18:00:00,41823.0,314.4790656179589,25.06741219626938,BEAR,3.7156588480022954,0.8990268512540946,4.941505397016977,1.1956280754687152,1.177581713411281,1.4609186332879038,1.3554742605743286,0.5738469263324008,0.3617626664753913
BYBIT_PERPETUAL,V1.9B_ROBUST,BUY,2024-02-01 19:00:00,2024-02-01 20:00:00,43201.1,344.9282711030935,27.76553510767949,BULL,0.6379467189492827,1.575885799204177,0.7990067010703977,1.9737436940810094,-0.23841985504998714,-0.2842520213605571,-0.370592415470899,-0.37151831782061107,-1.3501971014626841
BYBIT_PERPETUAL,V1.9B_ROBUST,BUY,2024-02-26 16:00:00,2024-02-26 17:00:00,53442.6,354.5855794236769,28.08508477255358,BULL,20.684061029964855,0.3583283747422468,31.17470264291825,0.5400670842600342,2.3644059233645045,4.444581663317284,6.8349968003053805,17.011522642985188,16.480298488471746
BYBIT_PERPETUAL,V1.9B_ROBUST,SELL,2024-05-10 14:00:00,2024-05-10 15:00:00,61039.3,562.6427293732324,35.55249646678135,BEAR,1.5208234694696743,3.6492882454418707,1.6498924655688736,3.958995440110583,0.8727164302342988,0.24869223598567303,0.3543618619479629,-0.19102447111942394,-2.7646123071529325
BYBIT_PERPETUAL,V1.9B_ROBUST,BUY,2024-05-15 13:00:00,2024-05-15 14:00:00,64098.0,556.6352869472453,35.11108767923683,BULL,5.219819651159168,0.25804237261693264,6.010757992633512,0.29714249864952796,2.8907298199631724,2.8972822864988075,3.433492464663489,2.8350338544104297,4.272520203438494
BYBIT_PERPETUAL,V1.9B_ROBUST,BUY,2024-05-17 15:00:00,2024-05-17 16:00:00,67160.0,517.9766756316774,38.820091101495684,BULL,0.8601846337105377,1.9922572960095295,1.1153011847405803,2.583127895417871,-0.5606015485407981,-0.36628945801072066,-0.5792138177486599,-0.4353782013102951,0.3424657534246575
BYBIT_PERPETUAL,V1.9B_ROBUST,SELL,2024-06-18 02:00:00,2024-06-18 03:00:00,65438.2,595.5422853410184,25.3087840685692,BEAR,2.15714979935267,1.5584169491214657,2.370276695284014,1.712388901849424,-0.40862982172493856,1.2769299889055608,0.19911916892578896,0.3922785162183512,1.030437878792503
BYBIT_PERPETUAL,V1.9B_ROBUST,SELL,2024-06-20 13:00:00,2024-06-20 14:00:00,65109.4,391.1358531357311,27.457880649266215,BEAR,2.7283310858339984,0.13730736268496016,4.541644509851565,0.22856508623099314,0.10321090349474017,0.2256202637407217,2.35664896312975,1.3064165850092284,1.2927472838023455
BYBIT_PERPETUAL,V1.9B_ROBUST,SELL,2024-08-02 15:00:00,2024-08-02 16:00:00,63374.6,768.9896958629741,27.443159369315083,BEAR,22.817501017757905,0.32331565011850405,18.80454325694464,0.2664535052970495,2.2570556658345797,2.4047489057130145,3.9809324240310815,6.807932515550394,14.346126050499722
BYBIT_PERPETUAL,V1.9B_ROBUST,SELL,2024-08-15 19:00:00,2024-08-15 20:00:00,57026.0,665.2797047744798,25.611005214780562,BEAR,1.7078174867604274,5.721074597551993,1.463895551015102,4.903952392634524,-0.8699540560446087,-2.46694490232526,-4.608248868936979,-4.246308701294146,-4.662610037526744
BYBIT_PERPETUAL,V1.9B_ROBUST,SELL,2024-09-05 09:00:00,2024-09-05 10:00:00,56770.3,434.9731781489617,25.49431813861183,BEAR,7.521714699411499,0.9670549565529863,9.816927145189766,1.2621467887658775,1.4447695361835402,1.1627558776332092,1.5927342289894615,4.4820971529127025,4.129271819948114
BYBIT_PERPETUAL,V1.9B_ROBUST,BUY,2024-09-17 10:00:00,2024-09-17 11:00:00,59210.0,380.8464475938343,27.816273986999153,BULL,8.31227833136294,0.6274277993582166,12.92305607967466,0.9754587507566774,2.766424590440804,1.6794460395203537,1.1391656814727242,5.184766086809663,7.48454652930248
BYBIT_PERPETUAL,V1.9B_ROBUST,BUY,2025-01-20 06:00:00,2025-01-20 07:00:00,107542.7,1773.2248559333443,26.264820129677375,BULL,1.9260256623648122,7.013679217650289,1.1680977700426862,4.253662458408224,-0.553361594975755,-3.3604326467533308,-5.003407948656676,-2.0199418463549854,-4.941943990619537
BYBIT_PERPETUAL,V1.9B_ROBUST,SELL,2025-03-10 17:00:00,2025-03-10 18:00:00,78399.0,1242.6907788260528,27.60489742078061,BEAR,2.3648260819653313,7.768976645110273,1.4919238410632127,4.901299747113172,-0.20944144695722788,-2.3166111812650634,-3.650301662010999,-4.348142195691264,-2.067628413627725
BYBIT_PERPETUAL,V1.9B_ROBUST,BUY,2025-03-25 19:00:00,2025-03-25 20:00:00,88053.8,530.8179449291808,28.052129363118322,BULL,0.506735654792862,5.120505872546106,0.840589517107465,8.494060992232553,-0.2931162539265833,0.05632919873985139,-1.7434795545450588,-1.1741685197004657,-4.871794289400347
BYBIT_PERPETUAL,V1.9B_ROBUST,BUY,2025-08-10 03:00:00,2025-08-10 04:00:00,118488.9,494.0054287080515,29.1138669944345,BULL,3.3185386985616425,0.8928262478594993,7.959629128536982,2.1414744424300536,-0.18752811444784878,0.24246996976088303,2.717976114218294,0.30028129217167426,0.8201612134132421
BYBIT_PERPETUAL,V1.9B_ROBUST,SELL,2025-08-21 19:00:00,2025-08-21 20:00:00,112146.2,597.3996266338734,35.827465506912205,BEAR,1.4224289365132274,4.662039373603388,2.6702393655455743,8.751763086059404,-0.5841481922704522,-0.8066256368918482,-3.9753464673791865,-2.6666975786963856,-0.4002810616855575
BYBIT_PERPETUAL,V1.9B_ROBUST,BUY,2025-09-30 20:00:00,2025-09-30 21:00:00,114594.8,538.5422189073009,30.126813291953432,BULL,8.083961924973911,0.7661778719453238,17.201622592925396,1.6303271483180222,-0.31519754823080726,1.2800755357136573,2.511195970497786,5.221877432483847,6.807115157057729
BYBIT_PERPETUAL,V1.9B_ROBUST,SELL,2025-11-12 16:00:00,2025-11-12 17:00:00,101390.6,808.0492677253528,30.456020003353707,BEAR,7.382045278359149,2.6050738431373204,9.262677783335334,3.26873633266844,-0.5271691853090917,-0.662980591889186,0.8096411304401085,4.352079975855756,5.200383467500943
BYBIT_PERPETUAL,V1.9B_ROBUST,SELL,2025-11-13 16:00:00,2025-11-13 17:00:00,100569.7,938.516105224119,26.565486060781907,BEAR,6.6260513852581875,0.19240387512342189,7.100357642140492,0.20617653647381143,0.7623568530084083,2.78463592911185,3.5713539962831717,4.426581763692249,6.352509751943177
BYBIT_PERPETUAL,V1.9B_ROBUST,SELL,2025-12-15 15:00:00,2025-12-15 16:00:00,86989.4,621.9382971048976,31.455583451212906,BEAR,2.1949800780324895,3.85288322485269,3.0700794739416892,5.388959026323984,0.9074668867701056,1.3260236304653212,-1.0853046463132356,-0.22508489540105223,-1.7184852407304898
BYBIT_PERPETUAL,V1.9B_ROBUST,SELL,2026-01-25 07:00:00,2026-01-25 08:00:00,88620.0,237.47099471810338,31.209583416789098,BEAR,2.9210110584518234,0.992778153915598,10.900699696284493,3.7048735195824407,-0.2877454299255247,2.4451591062965408,0.7399006996163362,0.38050101557210236,-0.5472805235838412
BYBIT_PERPETUAL,V1.9B_ROBUST,SELL,2026-02-03 16:00:00,2026-02-03 17:00:00,76456.0,829.8306553118714,25.698172006724775,BEAR,21.669980119284293,0.7000104635345782,19.965519342947537,0.6449508662690406,1.0241184472114682,0.0061473265669104975,3.720832897352729,10.709166056293821,8.580752328136445
BYBIT_PERPETUAL,V1.9B_ROBUST,SELL,2026-02-23 17:00:00,2026-02-23 18:00:00,64767.4,577.6991721841155,32.54947625329436,BEAR,3.6208030583287245,8.063315803938403,4.059379194077509,9.039999105859195,0.2348403672217791,2.6275564558713222,0.8947402551283515,-5.9608692027161885,-3.132131288271566
BYBIT_PERPETUAL,V1.9B_ROBUST,BUY,2026-05-05 03:00:00,2026-05-05 04:00:00,80839.0,540.8283133869795,26.508739518437086,BULL,2.439416618216455,2.1264488675020723,3.646258805590625,3.178457853352071,-0.3608406833335359,0.8060465864248764,0.8713615952696028,-0.039337448508767935,-1.615556847561202
BYBIT_PERPETUAL,V1.9B_ROBUST,BUY,2026-06-14 22:00:00,2026-06-14 23:00:00,65389.1,363.49064712764357,29.53351674261601,BULL,2.88564913724153,2.3237817923782407,5.191055161695527,4.180300131536566,0.33537699708360513,0.7634299906253555,1.2046350232684107,0.5496328898853196,-1.716799894783685
BYBIT_PERPETUAL,V1.9B_ROBUST,SELL,2026-06-30 12:00:00,2026-06-30 13:00:00,58378.6,389.43971009302777,27.557539330160687,BEAR,1.0668292833332689,6.526535408522983,1.5992205824393813,9.78354261585152,-0.4744889394401373,-0.29360073725646296,-0.2034992274566415,-5.357613920169385,-6.112171240831408
