removed_top_winners,trades,wins,losses,win_rate_pct,simple_return_pct,compounded_return_pct,ending_equity,profit_factor,expectancy_pct,median_trade_pct,max_drawdown_pct,max_loss_streak,payoff_ratio,trade_sharpe,recovery_factor,average_clock_hours,scope,scenario,asset,market
0,32,18,14,56.25,16.27784014349335,16.385192174801986,116.38519217480199,1.705230004502227,0.5086825044841672,0.36985895960435394,-7.369868100918464,3,1.3262900035017322,1.09184960940574,2.2232680355242715,24.0,FULL_AVAILABLE,FULL_COST,BTC,BINANCE_SPOT
1,31,17,14,54.83870967741935,9.510322471486857,9.00805292892666,109.00805292892666,1.4120303861114674,0.30678459585441475,0.36248902961573154,-9.356030100658897,3,1.1628485532682673,0.7074629949270325,0.9628071769769391,24.0,FULL_AVAILABLE,FULL_COST,BTC,BINANCE_SPOT
2,30,16,14,53.333333333333336,4.322245305136446,3.6315672512343014,103.6315672512343,1.1872593076925833,0.1440748435045482,0.27719608199641593,-9.356030100658884,3,1.0388518942310105,0.34667815392073176,0.3881525831109237,24.0,FULL_AVAILABLE,FULL_COST,BTC,BINANCE_SPOT
3,29,15,14,51.724137931034484,-0.4650626160261149,-1.1029395571435003,98.8970604428565,0.9798513741440681,-0.016036641931934995,0.19190313437710035,-11.740729914017455,3,0.9145279492011302,-0.04039800848641509,-0.09394131073798762,24.0,FULL_AVAILABLE,FULL_COST,BTC,BINANCE_SPOT
0,24,12,12,50.0,9.069539922675286,8.558914431751788,108.55891443175179,1.4593107261511666,0.37789749677813694,-0.01569703418020811,-7.675826515985895,3,1.4593107261511669,0.6800665732739266,1.1150479253181074,24.0,FULL_AVAILABLE,FULL_COST,BTC,BYBIT_PERPETUAL
1,23,11,12,47.82608695652174,1.883323117884283,1.280666178806129,101.28066617880613,1.0953775512570374,0.08188361382105579,-0.20838332093311518,-10.998333374367796,3,1.194957328644041,0.16670796818560563,0.11644184034199127,24.0,FULL_AVAILABLE,FULL_COST,BTC,BYBIT_PERPETUAL
2,22,10,12,45.45454545454545,-3.0284398552374725,-3.4610959642780017,96.538904035722,0.846630047293077,-0.13765635705624876,-0.23174196590458132,-13.456697845120901,3,1.0159560567516923,-0.2993614664152807,-0.2572024730073669,24.0,FULL_AVAILABLE,FULL_COST,BTC,BYBIT_PERPETUAL
3,21,9,12,42.857142857142854,-6.507822122156995,-6.707112160077401,93.2928878399226,0.6704229178023351,-0.30989629153128545,-0.25510061087604746,-13.456697845120901,3,0.8938972237364468,-0.6930218955148159,-0.49842184444300724,24.0,FULL_AVAILABLE,FULL_COST,BTC,BYBIT_PERPETUAL
0,27,15,12,55.55555555555556,10.377589051462348,9.864961506679677,109.86496150667968,1.4544616531804684,0.38435515005416104,0.20324000236281228,-9.88152186981136,4,1.1635693225443746,0.7340199652550293,0.9983241080321569,24.0,FULL_AVAILABLE,FULL_COST,BTC,OKX_PERPETUAL
1,26,14,12,53.84615384615385,3.1316258278691302,2.4420483572199743,102.44204835721997,1.1371420513780612,0.12044714722573578,0.18033129304938864,-13.321033996362253,4,0.9746931868954811,0.2562678327661449,0.18332273289647455,24.0,FULL_AVAILABLE,FULL_COST,BTC,OKX_PERPETUAL
2,25,13,12,52.0,-1.730647875720926,-2.308003880605554,97.69199611939445,0.924210422018728,-0.06922591502883704,0.157422583735965,-13.321033996362253,4,0.853117312632672,-0.15466263615737613,-0.17326011488566356,24.0,FULL_AVAILABLE,FULL_COST,BTC,OKX_PERPETUAL
3,24,12,12,50.0,-5.225699411796179,-5.607084909424927,94.39291509057507,0.7711530123295409,-0.21773747549150746,-0.022026885031112428,-16.24820248200557,4,0.7711530123295409,-0.4946193831005196,-0.34508955163714977,24.0,FULL_AVAILABLE,FULL_COST,BTC,OKX_PERPETUAL
0,16,9,7,56.25,15.169061580058042,14.474081364604572,114.47408136460457,1.682157763054137,0.9480663487536276,1.0924241297387263,-8.32202942941047,2,1.3083449268198843,0.8249598205919044,1.7392490001840706,24.0,FULL_AVAILABLE,FULL_COST,ETH,BYBIT_PERPETUAL
1,15,8,7,53.333333333333336,7.780180097165903,6.597703397107452,106.59770339710745,1.3498772961814756,0.5186786731443935,1.0658738799095562,-10.586276043773458,2,1.1811426341587912,0.4551414964221618,0.6232317549463516,24.0,FULL_AVAILABLE,FULL_COST,ETH,BYBIT_PERPETUAL
2,14,7,7,50.0,1.746053052914423,0.5315046849216429,100.53150468492164,1.0785205886642193,0.12471807520817306,0.1808672292155561,-10.586276043773458,2,1.0785205886642193,0.10857781523641884,0.05020695499757525,24.0,FULL_AVAILABLE,FULL_COST,ETH,BYBIT_PERPETUAL
3,13,6,7,46.15384615384615,-4.145400978647172,-5.061739302439264,94.93826069756074,0.8135799341553227,-0.31887699835747474,-0.704139421478444,-12.362577084919234,2,0.9491765898478766,-0.27863308236132867,-0.40944046436838316,24.0,FULL_AVAILABLE,FULL_COST,ETH,BYBIT_PERPETUAL
0,13,6,7,46.15384615384615,8.177733389697064,7.702991432271176,107.70299143227118,1.5531892458241787,0.6290564145920818,-0.3792598858443928,-13.190399551810705,6,1.8120541201282085,0.6433787734525004,0.5839846929590357,24.0,FULL_AVAILABLE,FULL_COST,SOL,BYBIT_PERPETUAL
1,12,5,7,41.66666666666667,2.209650103901297,1.637198760872522,101.63719876087252,1.1494735296766327,0.1841375086584414,-0.6119414942471205,-13.190399551810705,6,1.6092629415472859,0.1945478705971027,0.12412048281340927,24.0,FULL_AVAILABLE,FULL_COST,SOL,BYBIT_PERPETUAL
2,11,4,7,36.36363636363637,-3.4860145652927863,-3.839765728352006,96.160234271648,0.76418578640189,-0.31691041502661693,-0.8446231026498483,-13.923613492514109,7,1.3373251262033077,-0.3602762554664946,-0.27577365102934076,24.0,FULL_AVAILABLE,FULL_COST,SOL,BYBIT_PERPETUAL
3,10,3,7,30.0,-7.965359382272178,-7.962445170291133,92.03755482970887,0.46117696195022057,-0.7965359382272178,-1.1116389149234174,-13.92361349251413,7,1.076079577883848,-0.9771159751680873,-0.5718662884869685,24.0,FULL_AVAILABLE,FULL_COST,SOL,BYBIT_PERPETUAL
0,13,5,8,38.46153846153847,-2.020282279044771,-8.209548242877702,91.7904517571223,0.9571774652203507,-0.15540632915729008,-1.6506205573733477,-22.151111144644176,3,1.531483944352561,-0.05085458930436843,-0.3706156404195847,24.0,FULL_AVAILABLE,FULL_COST,XRP,BYBIT_PERPETUAL
1,12,4,8,33.33333333333333,-33.60235264440338,-30.240912380956246,69.75908761904375,0.2877540283759943,-2.8001960537002817,-3.0571899067218054,-30.240912380956242,3,0.5755080567519886,-1.6825678236768113,-1.0000000000000002,24.0,FULL_AVAILABLE,FULL_COST,XRP,BYBIT_PERPETUAL
2,11,3,8,27.27272727272727,-40.61840347857648,-34.81436936302288,65.18563063697712,0.1390396214940901,-3.692582134416044,-4.463759256070263,-34.81436936302288,3,0.37077232398424026,-2.3995981143853014,-1.0,24.0,FULL_AVAILABLE,FULL_COST,XRP,BYBIT_PERPETUAL
3,10,2,8,20.0,-45.870332739026644,-38.06704438103683,61.93295561896317,0.027718086999305298,-4.587033273902664,-5.007915641848646,-38.06704438103683,3,0.11087234799722119,-3.313511586272793,-1.0,24.0,FULL_AVAILABLE,FULL_COST,XRP,BYBIT_PERPETUAL
0,12,6,6,50.0,-11.932420384803656,-11.809062515257665,88.19093748474234,0.38230660642403735,-0.9943683654003047,0.026346034215694092,-14.276776185737095,2,0.38230660642403735,-1.0931146860816927,-0.8271518977131024,24.0,FULL_AVAILABLE,FULL_COST,BNB,BYBIT_PERPETUAL
1,11,5,6,45.45454545454545,-14.215279784487697,-13.777403171606323,86.22259682839368,0.264132160320593,-1.2922981622261542,-0.435423037716611,-14.276776185737095,2,0.31695859238471163,-1.3725546812375307,-0.9650220044333496,24.0,FULL_AVAILABLE,FULL_COST,BNB,BYBIT_PERPETUAL
2,10,4,6,40.0,-16.07563010295904,-15.352149723798775,84.64785027620123,0.16782930939856738,-1.607563010295904,-1.0072776751205768,-15.842402322154713,3,0.25174396409785105,-1.6390146166408976,-0.9690544029632205,24.0,FULL_AVAILABLE,FULL_COST,BNB,BYBIT_PERPETUAL
3,9,3,6,33.33333333333333,-17.595603647932588,-16.619511096797083,83.38048890320292,0.08914639454450389,-1.9550670719925098,-1.5791323125245424,-17.102423553564773,3,0.17829278908900778,-1.9065541935805785,-0.9717635073616784,24.0,FULL_AVAILABLE,FULL_COST,BNB,BYBIT_PERPETUAL
0,25,13,12,52.0,13.038249089489286,12.934358752329999,112.93435875233,1.706595237130793,0.5215299635795714,0.19190313437710035,-7.369868100918442,3,1.5753186804284243,0.9786010719507366,1.7550325969494764,24.0,BTC_COMMON_PERIOD,BTC_COMMON_COST,BTC,BINANCE_SPOT
1,24,12,12,50.0,6.270731417482795,5.7759524757971406,105.77595247579714,1.3398361944543373,0.26128047572844976,0.06647508767413068,-9.356030100658884,3,1.3398361944543373,0.5388695045408423,0.6173507795138857,24.0,BTC_COMMON_PERIOD,BTC_COMMON_COST,BTC,BINANCE_SPOT
2,23,11,12,47.82608695652174,1.4834234963202348,0.9434773869545552,100.94347738695456,1.0803926945982931,0.0644966737530537,-0.05895295902883899,-9.356030100658884,3,1.1786102122890472,0.13934847827202956,0.10084163654925739,24.0,BTC_COMMON_PERIOD,BTC_COMMON_COST,BTC,BINANCE_SPOT
3,22,10,12,45.45454545454545,-2.027779509693806,-2.480625811015173,97.51937418898483,0.8901064603332273,-0.092171795895173,-0.10090504001001532,-12.430763756001683,3,1.0681277523998727,-0.20222414419841767,-0.1995553820912657,24.0,BTC_COMMON_PERIOD,BTC_COMMON_COST,BTC,BINANCE_SPOT
0,24,12,12,50.0,9.069539922675286,8.558914431751788,108.55891443175179,1.4593107261511666,0.37789749677813694,-0.01569703418020811,-7.675826515985895,3,1.4593107261511669,0.6800665732739266,1.1150479253181074,24.0,BTC_COMMON_PERIOD,BTC_COMMON_COST,BTC,BYBIT_PERPETUAL
1,23,11,12,47.82608695652174,1.883323117884283,1.280666178806129,101.28066617880613,1.0953775512570374,0.08188361382105579,-0.20838332093311518,-10.998333374367796,3,1.194957328644041,0.16670796818560563,0.11644184034199127,24.0,BTC_COMMON_PERIOD,BTC_COMMON_COST,BTC,BYBIT_PERPETUAL
2,22,10,12,45.45454545454545,-3.0284398552374725,-3.4610959642780017,96.538904035722,0.846630047293077,-0.13765635705624876,-0.23174196590458132,-13.456697845120901,3,1.0159560567516923,-0.2993614664152807,-0.2572024730073669,24.0,BTC_COMMON_PERIOD,BTC_COMMON_COST,BTC,BYBIT_PERPETUAL
3,21,9,12,42.857142857142854,-6.507822122156995,-6.707112160077401,93.2928878399226,0.6704229178023351,-0.30989629153128545,-0.25510061087604746,-13.456697845120901,3,0.8938972237364468,-0.6930218955148159,-0.49842184444300724,24.0,BTC_COMMON_PERIOD,BTC_COMMON_COST,BTC,BYBIT_PERPETUAL
0,26,14,12,53.84615384615385,9.156609429562026,8.539713720483604,108.5397137204836,1.4009917754741148,0.3521772857523856,0.18033129304938864,-9.88152186981135,4,1.2008500932635269,0.648404760219754,0.8642103749800878,24.0,BTC_COMMON_PERIOD,BTC_COMMON_COST,BTC,OKX_PERPETUAL
1,25,13,12,52.0,1.9106462059688065,1.206339574938724,101.20633957493872,1.0836721736717077,0.07642584823875226,0.157422583735965,-13.321033996362253,4,1.000312775696961,0.1569170410157954,0.09055900429862687,24.0,BTC_COMMON_PERIOD,BTC_COMMON_COST,BTC,OKX_PERPETUAL
2,24,12,12,50.0,-2.9516274976212475,-3.486415084785804,96.5135849152142,0.8707405443123748,-0.12298447906755199,-0.022026885031112428,-13.321033996362242,4,0.8707405443123748,-0.26547044509320433,-0.2617225574034183,24.0,BTC_COMMON_PERIOD,BTC_COMMON_COST,BTC,OKX_PERPETUAL
3,23,11,12,47.82608695652174,-6.446679033696506,-6.745700898006234,93.25429910199377,0.7176831346231877,-0.2802903927694133,-0.20147635379818984,-16.24820248200556,4,0.7829270559525683,-0.6158590160072215,-0.4151659794661541,24.0,BTC_COMMON_PERIOD,BTC_COMMON_COST,BTC,OKX_PERPETUAL
0,20,10,10,50.0,6.732543824535151,6.222604951063261,106.22260495106326,1.4123501730326538,0.33662719122675755,-0.01569703418020811,-7.675826515985884,3,1.4123501730326538,0.5571738061128032,0.8106755589256603,24.0,ASSET_COMMON_PERIOD,ASSET_COMMON_COST,BTC,BYBIT_PERPETUAL
1,19,9,10,47.368421052631575,-0.45367298025585323,-0.8990072440775378,99.10099275592246,0.9722137520699083,-0.023877525276623856,-0.20838332093311518,-10.998333374367808,3,1.0802375022998982,-0.046722310132670225,-0.08174031587119565,24.0,ASSET_COMMON_PERIOD,ASSET_COMMON_COST,BTC,BYBIT_PERPETUAL
2,18,8,10,44.44444444444444,-3.933055247175375,-4.231170900985134,95.76882909901487,0.759110961029395,-0.21850306928752083,-0.23174196590458132,-10.998333374367808,3,0.9488887012867439,-0.4373868893943273,-0.384710188076868,24.0,ASSET_COMMON_PERIOD,ASSET_COMMON_COST,BTC,BYBIT_PERPETUAL
3,17,7,10,41.17647058823529,-7.302594030518728,-7.3529492090113,92.6470507909887,0.5527357874600196,-0.42956435473639576,-0.25510061087604746,-13.899522361055904,3,0.7896225535143138,-0.8944496697450127,-0.5290073297491871,24.0,ASSET_COMMON_PERIOD,ASSET_COMMON_COST,BTC,BYBIT_PERPETUAL
0,14,8,6,57.14285714285714,17.587633262985946,17.37293782302713,117.37293782302713,1.9526515830378872,1.2562595187847105,1.0924241297387263,-8.322029429410483,2,1.4644886872784153,0.9898202870960808,2.0875842810204763,24.0,ASSET_COMMON_PERIOD,ASSET_COMMON_COST,ETH,BYBIT_PERPETUAL
1,13,7,6,53.84615384615385,10.198751780093808,9.297104320548797,109.2971043205488,1.552425495974171,0.7845193676995237,1.0658738799095562,-8.322029429410483,2,1.330650425120718,0.6164418563675037,1.1171679215279327,24.0,ASSET_COMMON_PERIOD,ASSET_COMMON_COST,ETH,BYBIT_PERPETUAL
2,12,6,6,50.0,4.1646247358423265,3.077289705922297,103.0772897059223,1.2255810254873012,0.3470520613201939,0.1808672292155561,-8.322029429410483,2,1.2255810254873012,0.26712386392291626,0.36977635467702097,24.0,ASSET_COMMON_PERIOD,ASSET_COMMON_COST,ETH,BYBIT_PERPETUAL
3,11,5,6,45.45454545454545,-1.726829295719269,-2.657593430344747,97.34240656965525,0.9064645801055402,-0.15698448142902446,-0.704139421478444,-10.14331219640937,2,1.0877574961266483,-0.11967531094766005,-0.26200449901221695,24.0,ASSET_COMMON_PERIOD,ASSET_COMMON_COST,ETH,BYBIT_PERPETUAL
0,13,6,7,46.15384615384615,8.177733389697064,7.702991432271176,107.70299143227118,1.5531892458241787,0.6290564145920818,-0.3792598858443928,-13.190399551810705,6,1.8120541201282085,0.6433787734525004,0.5839846929590357,24.0,ASSET_COMMON_PERIOD,ASSET_COMMON_COST,SOL,BYBIT_PERPETUAL
1,12,5,7,41.66666666666667,2.209650103901297,1.637198760872522,101.63719876087252,1.1494735296766327,0.1841375086584414,-0.6119414942471205,-13.190399551810705,6,1.6092629415472859,0.1945478705971027,0.12412048281340927,24.0,ASSET_COMMON_PERIOD,ASSET_COMMON_COST,SOL,BYBIT_PERPETUAL
2,11,4,7,36.36363636363637,-3.4860145652927863,-3.839765728352006,96.160234271648,0.76418578640189,-0.31691041502661693,-0.8446231026498483,-13.923613492514109,7,1.3373251262033077,-0.3602762554664946,-0.27577365102934076,24.0,ASSET_COMMON_PERIOD,ASSET_COMMON_COST,SOL,BYBIT_PERPETUAL
3,10,3,7,30.0,-7.965359382272178,-7.962445170291133,92.03755482970887,0.46117696195022057,-0.7965359382272178,-1.1116389149234174,-13.92361349251413,7,1.076079577883848,-0.9771159751680873,-0.5718662884869685,24.0,ASSET_COMMON_PERIOD,ASSET_COMMON_COST,SOL,BYBIT_PERPETUAL
0,12,5,7,41.66666666666667,-1.7225475449672842,-7.935440070191078,92.06455992980892,0.9632564597049346,-0.1435456287472737,-3.0571899067218054,-22.151111144644176,3,1.3485590435869084,-0.043209511721838845,-0.35824117437602016,24.0,ASSET_COMMON_PERIOD,ASSET_COMMON_COST,XRP,BYBIT_PERPETUAL
1,11,4,7,36.36363636363637,-33.3046179103259,-30.032595114078234,69.96740488592177,0.2895815423062473,-3.0276925373023547,-4.463759256070263,-30.03259511407823,3,0.5067676990359328,-1.6764912949904154,-1.0000000000000002,24.0,ASSET_COMMON_PERIOD,ASSET_COMMON_COST,XRP,BYBIT_PERPETUAL
2,10,3,7,30.0,-40.320668744499,-34.6197095290501,65.3802904709499,0.13992265637833345,-4.0320668744499,-5.007915641848646,-34.619709529050105,3,0.32648619821611136,-2.4299385141197924,-0.9999999999999998,24.0,ASSET_COMMON_PERIOD,ASSET_COMMON_COST,XRP,BYBIT_PERPETUAL
3,9,2,7,22.22222222222222,-45.572598004949164,-37.882097810137324,62.117902189862676,0.027894123423181198,-5.063622000549907,-5.5520720276270294,-37.882097810137324,3,0.09762943198113419,-3.484634680082306,-1.0,24.0,ASSET_COMMON_PERIOD,ASSET_COMMON_COST,XRP,BYBIT_PERPETUAL
0,12,6,6,50.0,-11.932420384803656,-11.809062515257665,88.19093748474234,0.38230660642403735,-0.9943683654003047,0.026346034215694092,-14.276776185737095,2,0.38230660642403735,-1.0931146860816927,-0.8271518977131024,24.0,ASSET_COMMON_PERIOD,ASSET_COMMON_COST,BNB,BYBIT_PERPETUAL
1,11,5,6,45.45454545454545,-14.215279784487697,-13.777403171606323,86.22259682839368,0.264132160320593,-1.2922981622261542,-0.435423037716611,-14.276776185737095,2,0.31695859238471163,-1.3725546812375307,-0.9650220044333496,24.0,ASSET_COMMON_PERIOD,ASSET_COMMON_COST,BNB,BYBIT_PERPETUAL
2,10,4,6,40.0,-16.07563010295904,-15.352149723798775,84.64785027620123,0.16782930939856738,-1.607563010295904,-1.0072776751205768,-15.842402322154713,3,0.25174396409785105,-1.6390146166408976,-0.9690544029632205,24.0,ASSET_COMMON_PERIOD,ASSET_COMMON_COST,BNB,BYBIT_PERPETUAL
3,9,3,6,33.33333333333333,-17.595603647932588,-16.619511096797083,83.38048890320292,0.08914639454450389,-1.9550670719925098,-1.5791323125245424,-17.102423553564773,3,0.17829278908900778,-1.9065541935805785,-0.9717635073616784,24.0,ASSET_COMMON_PERIOD,ASSET_COMMON_COST,BNB,BYBIT_PERPETUAL
