year,trades,wins,losses,win_rate_pct,simple_return_pct,compounded_return_pct,ending_equity,profit_factor,expectancy_pct,median_trade_pct,max_drawdown_pct,max_loss_streak,payoff_ratio,trade_sharpe,recovery_factor,average_clock_hours,scope,scenario,asset,market
2017,1,1,0,100.0,0.6198598130841079,0.6198598130841049,100.6198598130841,inf,0.6198598130841079,0.6198598130841079,0.0,0,inf,0.0,inf,24.0,FULL_AVAILABLE,FULL_COST,BTC,BINANCE_SPOT
2018,1,0,1,0.0,-4.0967118601399894,-4.09671186013999,95.90328813986001,0.0,-4.0967118601399894,-4.0967118601399894,-4.09671186013999,1,0.0,0.0,-1.0,24.0,FULL_AVAILABLE,FULL_COST,BTC,BINANCE_SPOT
2019,3,2,1,66.66666666666666,0.20704276697712143,0.20446260289510576,100.2044626028951,1.3886848600122186,0.06901425565904047,0.36248902961573154,-0.5326751522315876,1,0.6943424300061093,0.22937865590445572,0.3838410746935178,24.0,FULL_AVAILABLE,FULL_COST,BTC,BINANCE_SPOT
2020,4,3,1,75.0,10.561996670613471,10.859639199103796,110.8596391991038,15.375704550657158,2.640499167653368,3.054315544447485,-0.7347115846318975,1,5.125234850219052,1.8581855032563968,14.780819339529883,24.0,FULL_AVAILABLE,FULL_COST,BTC,BINANCE_SPOT
2021,3,1,2,33.33333333333333,-2.495827760178491,-2.509562212418416,97.49043778758158,0.1708733782837611,-0.8319425867261637,-0.05895295902883899,-2.951235949165043,1,0.3417467565675222,-0.7757089009797064,-0.8503427904937305,24.0,FULL_AVAILABLE,FULL_COST,BTC,BINANCE_SPOT
2022,3,2,1,66.66666666666666,7.168068437545653,7.078562894622209,107.07856289462221,3.304361877639965,2.389356145848551,3.511203006014039,-3.110652240474876,1,1.6521809388199824,0.8221505670228912,2.27558799486425,24.0,FULL_AVAILABLE,FULL_COST,BTC,BINANCE_SPOT
2023,5,2,3,40.0,-2.7729709706714254,-2.767099851308629,97.23290014869137,0.18817968199247054,-0.5545941941342851,-0.14285712099119166,-3.2035267126440448,2,0.28226952298870583,-1.109238662061505,-0.8637667481863421,24.0,FULL_AVAILABLE,FULL_COST,BTC,BINANCE_SPOT
2024,4,2,2,50.0,3.688967097711448,3.693271878229055,103.69327187822906,6.4327617366152126,0.922241774427862,0.4070636382138454,-0.509548330585885,1,6.4327617366152126,1.0471574322999637,7.2481286985720965,24.0,FULL_AVAILABLE,FULL_COST,BTC,BINANCE_SPOT
2025,5,2,3,40.0,-2.384164271373274,-2.5686548750478124,97.43134512495219,0.68219184578366,-0.47683285427465477,-0.5070251560232711,-7.369868100918464,3,1.02328776867549,-0.33009530910474727,-0.3485347145802644,24.0,FULL_AVAILABLE,FULL_COST,BTC,BINANCE_SPOT
2026,3,3,0,100.0,5.781580219924724,5.874879182836807,105.8748791828368,inf,1.9271934066415746,1.4677220612757973,0.0,0,inf,2.4503735248555993,inf,24.0,FULL_AVAILABLE,FULL_COST,BTC,BINANCE_SPOT
2020,2,1,1,50.0,0.1873886710417183,0.1818474211779062,100.1818474211779,1.2854034325270551,0.09369433552085915,0.09369433552085915,-0.656574692821732,1,1.2854034325270551,0.12488098532847396,0.2769637988884229,24.0,FULL_AVAILABLE,FULL_COST,BTC,BYBIT_PERPETUAL
2021,2,1,1,50.0,2.149607427098417,2.013936893728797,102.0139368937288,1.7782354727246243,1.0748037135492086,1.0748037135492086,-2.762155546023337,1,1.7782354727246243,0.28011861498600993,0.7291178429934015,24.0,FULL_AVAILABLE,FULL_COST,BTC,BYBIT_PERPETUAL
2022,1,0,1,0.0,-3.106569348942817,-3.106569348942827,96.89343065105717,0.0,-3.106569348942817,-3.106569348942817,-3.1065693489428226,1,0.0,0.0,-1.0000000000000013,24.0,FULL_AVAILABLE,FULL_COST,BTC,BYBIT_PERPETUAL
2023,5,2,3,40.0,-2.99384212519178,-2.984158564368599,97.0158414356314,0.17370730372436585,-0.598768425038356,-0.25510061087604746,-3.4210728655263534,2,0.2605609555865488,-1.168014062295139,-0.8722873442537645,24.0,FULL_AVAILABLE,FULL_COST,BTC,BYBIT_PERPETUAL
2024,6,3,3,50.0,9.545061962931328,9.667717467123211,109.66771746712321,5.77286673670936,1.5908436604885547,0.39039118026980446,-1.7848598622663414,2,5.772866736709359,1.2234986358706488,5.41651345940826,24.0,FULL_AVAILABLE,FULL_COST,BTC,BYBIT_PERPETUAL
2025,5,2,3,40.0,-2.507524333769502,-2.691549410810282,97.30845058918972,0.6699582656956524,-0.5015048667539004,-0.5507102341110605,-7.461748456805939,3,1.0049373985434789,-0.3454790807843968,-0.3607129651168141,24.0,FULL_AVAILABLE,FULL_COST,BTC,BYBIT_PERPETUAL
2026,3,3,0,100.0,5.795417669507919,5.888939285254651,105.88893928525465,inf,1.931805889835973,1.4592123039030958,0.0,0,inf,2.4358046702992264,inf,24.0,FULL_AVAILABLE,FULL_COST,BTC,BYBIT_PERPETUAL
2020,2,2,0,100.0,6.083253325490377,6.142620696572237,106.14262069657224,inf,3.0416266627451884,3.0416266627451884,0.0,0,inf,1.6706295039667494,inf,24.0,FULL_AVAILABLE,FULL_COST,BTC,OKX_PERPETUAL
2021,3,2,1,66.66666666666666,-2.0703155072687642,-2.0875634156070078,97.91243658439299,0.24286462049905413,-0.6901051690895881,0.20324000236281228,-2.7344059772155704,1,0.12143231024952707,-0.673370535220757,-0.7634431145197983,24.0,FULL_AVAILABLE,FULL_COST,BTC,OKX_PERPETUAL
2022,2,1,1,50.0,0.37064303776526053,0.2614433505518008,100.2614433505518,1.1186282260996738,0.18532151888263027,0.18532151888263027,-3.124408498309994,1,1.1186282260996738,0.05599294139400029,0.08367771073891798,24.0,FULL_AVAILABLE,FULL_COST,BTC,OKX_PERPETUAL
2023,6,2,4,33.33333333333333,-4.865543184945032,-4.796048105412083,95.20395189458792,0.08721130041624787,-0.8109238641575054,-0.6089293722556456,-5.087855397508989,3,0.17442260083249575,-1.845880800852983,-0.9426463078648474,24.0,FULL_AVAILABLE,FULL_COST,BTC,OKX_PERPETUAL
2024,6,3,3,50.0,7.603722780942593,7.519778280919269,107.51977828091927,2.8927502682243693,1.2672871301570987,0.39300476445909793,-2.5830967410797268,1,2.8927502682243693,0.8707108118440888,2.9111485301073254,24.0,FULL_AVAILABLE,FULL_COST,BTC,OKX_PERPETUAL
2025,5,2,3,40.0,-2.5448634991193955,-2.729514951114666,97.27048504888533,0.6663956294443633,-0.508972699823879,-0.5235119946824637,-7.491949430309274,3,0.9995934441665448,-0.34945663142267586,-0.3643263981564261,24.0,FULL_AVAILABLE,FULL_COST,BTC,OKX_PERPETUAL
2026,3,3,0,100.0,5.800692098597309,5.894443663904056,105.89444366390406,inf,1.9335640328657695,1.4802857519275643,0.0,0,inf,2.439731773250485,inf,24.0,FULL_AVAILABLE,FULL_COST,BTC,OKX_PERPETUAL
2021,3,2,1,66.66666666666666,4.970309799964234,4.736609516088052,104.73660951608805,2.3165989257452235,1.6567699333214112,1.3565413775289317,-3.775113060456836,1,1.1582994628726118,0.5135261842253444,1.2546934198349182,24.0,FULL_AVAILABLE,FULL_COST,ETH,BYBIT_PERPETUAL
2022,3,2,1,66.66666666666666,3.076333877616827,2.42519601226509,102.42519601226509,1.3696614994829157,1.0254446258722758,5.506909275465701,-8.322029429410483,1,0.6848307497414579,0.21934385629683367,0.29141882191552,24.0,FULL_AVAILABLE,FULL_COST,ETH,BYBIT_PERPETUAL
2023,5,2,3,40.0,-0.5567462476841617,-0.5801651248785191,99.41983487512148,0.7969261149926349,-0.11134924953683234,-0.704139421478444,-1.889835067386192,2,1.1953891724889523,-0.22361417058213645,-0.3069924645228107,24.0,FULL_AVAILABLE,FULL_COST,ETH,BYBIT_PERPETUAL
2024,2,1,1,50.0,-2.4358007180555887,-2.7063792967797013,97.2936207032203,0.6287053928646738,-1.2179003590277944,-1.2179003590277944,-6.560291130670281,1,0.6287053928646738,-0.22796916419750354,-0.41253951126147415,24.0,FULL_AVAILABLE,FULL_COST,ETH,BYBIT_PERPETUAL
2025,1,0,1,0.0,-0.8378537222464163,-0.8378537222464217,99.16214627775358,0.0,-0.8378537222464163,-0.8378537222464163,-0.8378537222464177,1,0.0,0.0,-1.0000000000000047,24.0,FULL_AVAILABLE,FULL_COST,ETH,BYBIT_PERPETUAL
2026,2,2,0,100.0,10.952818590463146,11.249618687276424,111.24961868727642,inf,5.476409295231573,5.476409295231573,0.0,0,inf,9.819320444535641,inf,24.0,FULL_AVAILABLE,FULL_COST,ETH,BYBIT_PERPETUAL
2021,1,1,0,100.0,4.479344816979391,4.479344816979378,104.47934481697938,inf,4.479344816979391,4.479344816979391,0.0,0,inf,0.0,inf,24.0,FULL_AVAILABLE,FULL_COST,SOL,BYBIT_PERPETUAL
2022,4,2,2,50.0,1.9027281269519967,1.710585063607553,101.71058506360755,1.4917112083280906,0.47568203173799917,-0.3839773461900106,-3.024981849862074,1,1.4917112083280906,0.2560822557059206,0.5654860585975245,24.0,FULL_AVAILABLE,FULL_COST,SOL,BYBIT_PERPETUAL
2023,3,0,3,0.0,-5.681891484449175,-5.607887809634136,94.39211219036586,0.0,-1.893963828149725,-1.3786547271969865,-5.607887809634137,3,0.0,-1.7948670101873945,-0.9999999999999997,24.0,FULL_AVAILABLE,FULL_COST,SOL,BYBIT_PERPETUAL
2025,3,1,2,33.33333333333333,-0.8154337537962055,-0.9763225971423708,99.02367740285763,0.844126729382939,-0.27181125126540184,-2.2610944752208573,-5.164228088529443,2,1.688253458765878,-0.11552634599276047,-0.18905489463390196,24.0,FULL_AVAILABLE,FULL_COST,SOL,BYBIT_PERPETUAL
2026,2,2,0,100.0,8.292985684011056,8.431737795450005,108.43173779545,inf,4.146492842005528,4.146492842005528,0.0,0,inf,2.276303576438288,inf,24.0,FULL_AVAILABLE,FULL_COST,SOL,BYBIT_PERPETUAL
2021,3,1,2,33.33333333333333,-1.3921100795086438,-1.9561891628218149,98.04381083717819,0.8344334636551252,-0.46403669316954793,-0.29773473407748063,-8.384013357863351,2,1.6688669273102503,-0.1062493859772847,-0.23332371733247642,24.0,FULL_AVAILABLE,FULL_COST,XRP,BYBIT_PERPETUAL
2022,3,1,2,33.33333333333333,-8.92401288930312,-8.838421133813938,91.16157886618606,0.048362008392683405,-2.97467096310104,-1.6506205573733477,-8.838421133813934,1,0.09672401678536681,-1.212900301375076,-1.0000000000000004,24.0,FULL_AVAILABLE,FULL_COST,XRP,BYBIT_PERPETUAL
2023,5,3,2,60.0,19.693084336572404,15.505824109790183,115.50582410979018,2.094359150848414,3.938616867314481,0.8541682455475504,-12.443011507156887,1,1.3962394338989426,0.5231000376568693,1.2461472129051434,24.0,FULL_AVAILABLE,FULL_COST,XRP,BYBIT_PERPETUAL
2024,1,0,1,0.0,-4.463759256070263,-4.4637592560702615,95.53624074392974,0.0,-4.463759256070263,-4.463759256070263,-4.463759256070265,1,0.0,0.0,-0.9999999999999992,24.0,FULL_AVAILABLE,FULL_COST,XRP,BYBIT_PERPETUAL
2025,1,0,1,0.0,-6.933484390735151,-6.93348439073516,93.06651560926484,0.0,-6.933484390735151,-6.933484390735151,-6.933484390735156,1,0.0,0.0,-1.0000000000000004,24.0,FULL_AVAILABLE,FULL_COST,XRP,BYBIT_PERPETUAL
2021,1,0,1,0.0,-3.7221452939996005,-3.7221452939996027,96.2778547060004,0.0,-3.7221452939996005,-3.7221452939996005,-3.7221452939996014,1,0.0,0.0,-1.0000000000000004,24.0,FULL_AVAILABLE,FULL_COST,BNB,BYBIT_PERPETUAL
2023,2,1,1,50.0,1.4249272807547313,1.4168268868858718,101.41682688688587,4.272512378369206,0.7124636403773656,0.7124636403773656,-0.43542303771659796,1,4.272512378369206,0.6206741954357248,3.253908875184588,24.0,FULL_AVAILABLE,FULL_COST,BNB,BYBIT_PERPETUAL
2024,2,1,1,50.0,-1.4549999947220547,-1.4687224018943539,98.53127759810565,0.3092636738916112,-0.7274999973610273,-0.7274999973610273,-2.1064477713508056,1,0.3092636738916112,-0.5275761787961837,-0.6972508038746689,24.0,FULL_AVAILABLE,FULL_COST,BNB,BYBIT_PERPETUAL
2025,5,2,3,40.0,-11.045602880216036,-10.897896204577208,89.10210379542279,0.15383300932926086,-2.2091205760432073,-1.5791323125245424,-11.25690464241087,2,0.23074951399389126,-1.1912878677775929,-0.9681077126227859,24.0,FULL_AVAILABLE,FULL_COST,BNB,BYBIT_PERPETUAL
2026,2,2,0,100.0,2.8654005033793037,2.8786990977220484,102.87869909772205,inf,1.4327002516896519,1.4327002516896519,0.0,0,inf,1.6852141802738183,inf,24.0,FULL_AVAILABLE,FULL_COST,BNB,BYBIT_PERPETUAL
2020,2,1,1,50.0,4.052596336530652,4.01742343064187,104.01742343064187,6.515900962091134,2.026298168265326,2.026298168265326,-0.7347115846318975,1,6.515900962091134,0.7338975047585589,5.468027882879599,24.0,BTC_COMMON_PERIOD,BTC_COMMON_COST,BTC,BINANCE_SPOT
2021,3,1,2,33.33333333333333,-2.495827760178491,-2.509562212418416,97.49043778758158,0.1708733782837611,-0.8319425867261637,-0.05895295902883899,-2.951235949165043,1,0.3417467565675222,-0.7757089009797064,-0.8503427904937305,24.0,BTC_COMMON_PERIOD,BTC_COMMON_COST,BTC,BINANCE_SPOT
2022,3,2,1,66.66666666666666,7.168068437545653,7.078562894622209,107.07856289462221,3.304361877639965,2.389356145848551,3.511203006014039,-3.110652240474876,1,1.6521809388199824,0.8221505670228912,2.27558799486425,24.0,BTC_COMMON_PERIOD,BTC_COMMON_COST,BTC,BINANCE_SPOT
2023,5,2,3,40.0,-2.7729709706714254,-2.767099851308629,97.23290014869137,0.18817968199247054,-0.5545941941342851,-0.14285712099119166,-3.2035267126440448,2,0.28226952298870583,-1.109238662061505,-0.8637667481863421,24.0,BTC_COMMON_PERIOD,BTC_COMMON_COST,BTC,BINANCE_SPOT
2024,4,2,2,50.0,3.688967097711448,3.693271878229055,103.69327187822906,6.4327617366152126,0.922241774427862,0.4070636382138454,-0.509548330585885,1,6.4327617366152126,1.0471574322999637,7.2481286985720965,24.0,BTC_COMMON_PERIOD,BTC_COMMON_COST,BTC,BINANCE_SPOT
2025,5,2,3,40.0,-2.384164271373274,-2.5686548750478124,97.43134512495219,0.68219184578366,-0.47683285427465477,-0.5070251560232711,-7.369868100918464,3,1.02328776867549,-0.33009530910474727,-0.3485347145802644,24.0,BTC_COMMON_PERIOD,BTC_COMMON_COST,BTC,BINANCE_SPOT
2026,3,3,0,100.0,5.781580219924724,5.874879182836807,105.8748791828368,inf,1.9271934066415746,1.4677220612757973,0.0,0,inf,2.4503735248555993,inf,24.0,BTC_COMMON_PERIOD,BTC_COMMON_COST,BTC,BINANCE_SPOT
2020,2,1,1,50.0,0.1873886710417183,0.1818474211779062,100.1818474211779,1.2854034325270551,0.09369433552085915,0.09369433552085915,-0.656574692821732,1,1.2854034325270551,0.12488098532847396,0.2769637988884229,24.0,BTC_COMMON_PERIOD,BTC_COMMON_COST,BTC,BYBIT_PERPETUAL
2021,2,1,1,50.0,2.149607427098417,2.013936893728797,102.0139368937288,1.7782354727246243,1.0748037135492086,1.0748037135492086,-2.762155546023337,1,1.7782354727246243,0.28011861498600993,0.7291178429934015,24.0,BTC_COMMON_PERIOD,BTC_COMMON_COST,BTC,BYBIT_PERPETUAL
2022,1,0,1,0.0,-3.106569348942817,-3.106569348942827,96.89343065105717,0.0,-3.106569348942817,-3.106569348942817,-3.1065693489428226,1,0.0,0.0,-1.0000000000000013,24.0,BTC_COMMON_PERIOD,BTC_COMMON_COST,BTC,BYBIT_PERPETUAL
2023,5,2,3,40.0,-2.99384212519178,-2.984158564368599,97.0158414356314,0.17370730372436585,-0.598768425038356,-0.25510061087604746,-3.4210728655263534,2,0.2605609555865488,-1.168014062295139,-0.8722873442537645,24.0,BTC_COMMON_PERIOD,BTC_COMMON_COST,BTC,BYBIT_PERPETUAL
2024,6,3,3,50.0,9.545061962931328,9.667717467123211,109.66771746712321,5.77286673670936,1.5908436604885547,0.39039118026980446,-1.7848598622663414,2,5.772866736709359,1.2234986358706488,5.41651345940826,24.0,BTC_COMMON_PERIOD,BTC_COMMON_COST,BTC,BYBIT_PERPETUAL
2025,5,2,3,40.0,-2.507524333769502,-2.691549410810282,97.30845058918972,0.6699582656956524,-0.5015048667539004,-0.5507102341110605,-7.461748456805939,3,1.0049373985434789,-0.3454790807843968,-0.3607129651168141,24.0,BTC_COMMON_PERIOD,BTC_COMMON_COST,BTC,BYBIT_PERPETUAL
2026,3,3,0,100.0,5.795417669507919,5.888939285254651,105.88893928525465,inf,1.931805889835973,1.4592123039030958,0.0,0,inf,2.4358046702992264,inf,24.0,BTC_COMMON_PERIOD,BTC_COMMON_COST,BTC,BYBIT_PERPETUAL
2020,1,1,0,100.0,4.862273703590055,4.8622737035900485,104.86227370359005,inf,4.862273703590055,4.862273703590055,0.0,0,inf,0.0,inf,24.0,BTC_COMMON_PERIOD,BTC_COMMON_COST,BTC,OKX_PERPETUAL
2021,3,2,1,66.66666666666666,-2.0703155072687642,-2.0875634156070078,97.91243658439299,0.24286462049905413,-0.6901051690895881,0.20324000236281228,-2.7344059772155704,1,0.12143231024952707,-0.673370535220757,-0.7634431145197983,24.0,BTC_COMMON_PERIOD,BTC_COMMON_COST,BTC,OKX_PERPETUAL
2022,2,1,1,50.0,0.37064303776526053,0.2614433505518008,100.2614433505518,1.1186282260996738,0.18532151888263027,0.18532151888263027,-3.124408498309994,1,1.1186282260996738,0.05599294139400029,0.08367771073891798,24.0,BTC_COMMON_PERIOD,BTC_COMMON_COST,BTC,OKX_PERPETUAL
2023,6,2,4,33.33333333333333,-4.865543184945032,-4.796048105412083,95.20395189458792,0.08721130041624787,-0.8109238641575054,-0.6089293722556456,-5.087855397508989,3,0.17442260083249575,-1.845880800852983,-0.9426463078648474,24.0,BTC_COMMON_PERIOD,BTC_COMMON_COST,BTC,OKX_PERPETUAL
2024,6,3,3,50.0,7.603722780942593,7.519778280919269,107.51977828091927,2.8927502682243693,1.2672871301570987,0.39300476445909793,-2.5830967410797268,1,2.8927502682243693,0.8707108118440888,2.9111485301073254,24.0,BTC_COMMON_PERIOD,BTC_COMMON_COST,BTC,OKX_PERPETUAL
2025,5,2,3,40.0,-2.5448634991193955,-2.729514951114666,97.27048504888533,0.6663956294443633,-0.508972699823879,-0.5235119946824637,-7.491949430309274,3,0.9995934441665448,-0.34945663142267586,-0.3643263981564261,24.0,BTC_COMMON_PERIOD,BTC_COMMON_COST,BTC,OKX_PERPETUAL
2026,3,3,0,100.0,5.800692098597309,5.894443663904056,105.89444366390406,inf,1.9335640328657695,1.4802857519275643,0.0,0,inf,2.439731773250485,inf,24.0,BTC_COMMON_PERIOD,BTC_COMMON_COST,BTC,OKX_PERPETUAL
2022,1,0,1,0.0,-3.106569348942817,-3.106569348942827,96.89343065105717,0.0,-3.106569348942817,-3.106569348942817,-3.1065693489428226,1,0.0,0.0,-1.0000000000000013,24.0,ASSET_COMMON_PERIOD,ASSET_COMMON_COST,BTC,BYBIT_PERPETUAL
2023,5,2,3,40.0,-2.99384212519178,-2.984158564368599,97.0158414356314,0.17370730372436585,-0.598768425038356,-0.25510061087604746,-3.4210728655263534,2,0.2605609555865488,-1.168014062295139,-0.8722873442537645,24.0,ASSET_COMMON_PERIOD,ASSET_COMMON_COST,BTC,BYBIT_PERPETUAL
2024,6,3,3,50.0,9.545061962931328,9.667717467123211,109.66771746712321,5.77286673670936,1.5908436604885547,0.39039118026980446,-1.7848598622663414,2,5.772866736709359,1.2234986358706488,5.41651345940826,24.0,ASSET_COMMON_PERIOD,ASSET_COMMON_COST,BTC,BYBIT_PERPETUAL
2025,5,2,3,40.0,-2.507524333769502,-2.691549410810282,97.30845058918972,0.6699582656956524,-0.5015048667539004,-0.5507102341110605,-7.461748456805939,3,1.0049373985434789,-0.3454790807843968,-0.3607129651168141,24.0,ASSET_COMMON_PERIOD,ASSET_COMMON_COST,BTC,BYBIT_PERPETUAL
2026,3,3,0,100.0,5.795417669507919,5.888939285254651,105.88893928525465,inf,1.931805889835973,1.4592123039030958,0.0,0,inf,2.4358046702992264,inf,24.0,ASSET_COMMON_PERIOD,ASSET_COMMON_COST,BTC,BYBIT_PERPETUAL
2021,1,1,0,100.0,7.388881482892138,7.388881482892145,107.38888148289215,inf,7.388881482892138,7.388881482892138,0.0,0,inf,0.0,inf,24.0,ASSET_COMMON_PERIOD,ASSET_COMMON_COST,ETH,BYBIT_PERPETUAL
2022,3,2,1,66.66666666666666,3.076333877616827,2.42519601226509,102.42519601226509,1.3696614994829157,1.0254446258722758,5.506909275465701,-8.322029429410483,1,0.6848307497414579,0.21934385629683367,0.29141882191552,24.0,ASSET_COMMON_PERIOD,ASSET_COMMON_COST,ETH,BYBIT_PERPETUAL
2023,5,2,3,40.0,-0.5567462476841617,-0.5801651248785191,99.41983487512148,0.7969261149926349,-0.11134924953683234,-0.704139421478444,-1.889835067386192,2,1.1953891724889523,-0.22361417058213645,-0.3069924645228107,24.0,ASSET_COMMON_PERIOD,ASSET_COMMON_COST,ETH,BYBIT_PERPETUAL
2024,2,1,1,50.0,-2.4358007180555887,-2.7063792967797013,97.2936207032203,0.6287053928646738,-1.2179003590277944,-1.2179003590277944,-6.560291130670281,1,0.6287053928646738,-0.22796916419750354,-0.41253951126147415,24.0,ASSET_COMMON_PERIOD,ASSET_COMMON_COST,ETH,BYBIT_PERPETUAL
2025,1,0,1,0.0,-0.8378537222464163,-0.8378537222464217,99.16214627775358,0.0,-0.8378537222464163,-0.8378537222464163,-0.8378537222464177,1,0.0,0.0,-1.0000000000000047,24.0,ASSET_COMMON_PERIOD,ASSET_COMMON_COST,ETH,BYBIT_PERPETUAL
2026,2,2,0,100.0,10.952818590463146,11.249618687276424,111.24961868727642,inf,5.476409295231573,5.476409295231573,0.0,0,inf,9.819320444535641,inf,24.0,ASSET_COMMON_PERIOD,ASSET_COMMON_COST,ETH,BYBIT_PERPETUAL
2021,1,1,0,100.0,4.479344816979391,4.479344816979378,104.47934481697938,inf,4.479344816979391,4.479344816979391,0.0,0,inf,0.0,inf,24.0,ASSET_COMMON_PERIOD,ASSET_COMMON_COST,SOL,BYBIT_PERPETUAL
2022,4,2,2,50.0,1.9027281269519967,1.710585063607553,101.71058506360755,1.4917112083280906,0.47568203173799917,-0.3839773461900106,-3.024981849862074,1,1.4917112083280906,0.2560822557059206,0.5654860585975245,24.0,ASSET_COMMON_PERIOD,ASSET_COMMON_COST,SOL,BYBIT_PERPETUAL
2023,3,0,3,0.0,-5.681891484449175,-5.607887809634136,94.39211219036586,0.0,-1.893963828149725,-1.3786547271969865,-5.607887809634137,3,0.0,-1.7948670101873945,-0.9999999999999997,24.0,ASSET_COMMON_PERIOD,ASSET_COMMON_COST,SOL,BYBIT_PERPETUAL
2025,3,1,2,33.33333333333333,-0.8154337537962055,-0.9763225971423708,99.02367740285763,0.844126729382939,-0.27181125126540184,-2.2610944752208573,-5.164228088529443,2,1.688253458765878,-0.11552634599276047,-0.18905489463390196,24.0,ASSET_COMMON_PERIOD,ASSET_COMMON_COST,SOL,BYBIT_PERPETUAL
2026,2,2,0,100.0,8.292985684011056,8.431737795450005,108.43173779545,inf,4.146492842005528,4.146492842005528,0.0,0,inf,2.276303576438288,inf,24.0,ASSET_COMMON_PERIOD,ASSET_COMMON_COST,SOL,BYBIT_PERPETUAL
2021,2,1,1,50.0,-1.094375345431164,-1.6634069690603042,98.3365930309397,0.8650656178607173,-0.547187672715582,-0.547187672715582,-8.11042617960428,1,0.8650656178607173,-0.0723483296496861,-0.20509489048101592,24.0,ASSET_COMMON_PERIOD,ASSET_COMMON_COST,XRP,BYBIT_PERPETUAL
2022,3,1,2,33.33333333333333,-8.92401288930312,-8.838421133813938,91.16157886618606,0.048362008392683405,-2.97467096310104,-1.6506205573733477,-8.838421133813934,1,0.09672401678536681,-1.212900301375076,-1.0000000000000004,24.0,ASSET_COMMON_PERIOD,ASSET_COMMON_COST,XRP,BYBIT_PERPETUAL
2023,5,3,2,60.0,19.693084336572404,15.505824109790183,115.50582410979018,2.094359150848414,3.938616867314481,0.8541682455475504,-12.443011507156887,1,1.3962394338989426,0.5231000376568693,1.2461472129051434,24.0,ASSET_COMMON_PERIOD,ASSET_COMMON_COST,XRP,BYBIT_PERPETUAL
2024,1,0,1,0.0,-4.463759256070263,-4.4637592560702615,95.53624074392974,0.0,-4.463759256070263,-4.463759256070263,-4.463759256070265,1,0.0,0.0,-0.9999999999999992,24.0,ASSET_COMMON_PERIOD,ASSET_COMMON_COST,XRP,BYBIT_PERPETUAL
2025,1,0,1,0.0,-6.933484390735151,-6.93348439073516,93.06651560926484,0.0,-6.933484390735151,-6.933484390735151,-6.933484390735156,1,0.0,0.0,-1.0000000000000004,24.0,ASSET_COMMON_PERIOD,ASSET_COMMON_COST,XRP,BYBIT_PERPETUAL
2021,1,0,1,0.0,-3.7221452939996005,-3.7221452939996027,96.2778547060004,0.0,-3.7221452939996005,-3.7221452939996005,-3.7221452939996014,1,0.0,0.0,-1.0000000000000004,24.0,ASSET_COMMON_PERIOD,ASSET_COMMON_COST,BNB,BYBIT_PERPETUAL
2023,2,1,1,50.0,1.4249272807547313,1.4168268868858718,101.41682688688587,4.272512378369206,0.7124636403773656,0.7124636403773656,-0.43542303771659796,1,4.272512378369206,0.6206741954357248,3.253908875184588,24.0,ASSET_COMMON_PERIOD,ASSET_COMMON_COST,BNB,BYBIT_PERPETUAL
2024,2,1,1,50.0,-1.4549999947220547,-1.4687224018943539,98.53127759810565,0.3092636738916112,-0.7274999973610273,-0.7274999973610273,-2.1064477713508056,1,0.3092636738916112,-0.5275761787961837,-0.6972508038746689,24.0,ASSET_COMMON_PERIOD,ASSET_COMMON_COST,BNB,BYBIT_PERPETUAL
2025,5,2,3,40.0,-11.045602880216036,-10.897896204577208,89.10210379542279,0.15383300932926086,-2.2091205760432073,-1.5791323125245424,-11.25690464241087,2,0.23074951399389126,-1.1912878677775929,-0.9681077126227859,24.0,ASSET_COMMON_PERIOD,ASSET_COMMON_COST,BNB,BYBIT_PERPETUAL
2026,2,2,0,100.0,2.8654005033793037,2.8786990977220484,102.87869909772205,inf,1.4327002516896519,1.4327002516896519,0.0,0,inf,1.6852141802738183,inf,24.0,ASSET_COMMON_PERIOD,ASSET_COMMON_COST,BNB,BYBIT_PERPETUAL
